file,line,type,commit,author,date,time,timezone,datetime,depth,length
style.css,1,css,f8df5ab3,Wendy Du,2025-10-08,03:25:50,-07:00,2025-10-08T03:25:50-07:00,0,4
style.css,2,css,80d50f2d,Wendy Du,2025-10-09,23:13:34,-07:00,2025-10-09T23:13:34-07:00,2,34
style.css,3,css,f8df5ab3,Wendy Du,2025-10-08,03:25:50,-07:00,2025-10-08T03:25:50-07:00,2,32
style.css,4,css,f8df5ab3,Wendy Du,2025-10-08,03:25:50,-07:00,2025-10-08T03:25:50-07:00,2,22
style.css,5,css,f8df5ab3,Wendy Du,2025-10-08,03:25:50,-07:00,2025-10-08T03:25:50-07:00,2,15
style.css,6,css,a4812c11,Wendy Du,2025-10-15,16:30:42,-07:00,2025-10-15T16:30:42-07:00,2,23
style.css,7,css,f8df5ab3,Wendy Du,2025-10-08,03:25:50,-07:00,2025-10-08T03:25:50-07:00,0,0
style.css,8,css,f8df5ab3,Wendy Du,2025-10-08,03:25:50,-07:00,2025-10-08T03:25:50-07:00,0,0
style.css,9,css,f8df5ab3,Wendy Du,2025-10-08,03:25:50,-07:00,2025-10-08T03:25:50-07:00,0,4
style.css,10,css,f8df5ab3,Wendy Du,2025-10-08,03:25:50,-07:00,2025-10-08T03:25:50-07:00,2,15
style.css,11,css,f8df5ab3,Wendy Du,2025-10-08,03:25:50,-07:00,2025-10-08T03:25:50-07:00,2,42
style.css,12,css,f8df5ab3,Wendy Du,2025-10-08,03:25:50,-07:00,2025-10-08T03:25:50-07:00,0,0
style.css,13,css,f8df5ab3,Wendy Du,2025-10-08,03:25:50,-07:00,2025-10-08T03:25:50-07:00,0,0
style.css,14,css,f8df5ab3,Wendy Du,2025-10-08,03:25:50,-07:00,2025-10-08T03:25:50-07:00,0,22
style.css,15,css,f8df5ab3,Wendy Du,2025-10-08,03:25:50,-07:00,2025-10-08T03:25:50-07:00,2,15
style.css,16,css,f8df5ab3,Wendy Du,2025-10-08,03:25:50,-07:00,2025-10-08T03:25:50-07:00,2,17
style.css,17,css,f8df5ab3,Wendy Du,2025-10-08,03:25:50,-07:00,2025-10-08T03:25:50-07:00,0,0
style.css,18,css,f8df5ab3,Wendy Du,2025-10-08,03:25:50,-07:00,2025-10-08T03:25:50-07:00,0,0
style.css,19,css,f8df5ab3,Wendy Du,2025-10-08,03:25:50,-07:00,2025-10-08T03:25:50-07:00,0,2
style.css,20,css,f8df5ab3,Wendy Du,2025-10-08,03:25:50,-07:00,2025-10-08T03:25:50-07:00,2,14
style.css,21,css,f8df5ab3,Wendy Du,2025-10-08,03:25:50,-07:00,2025-10-08T03:25:50-07:00,0,0
style.css,22,css,f8df5ab3,Wendy Du,2025-10-08,03:25:50,-07:00,2025-10-08T03:25:50-07:00,0,0
style.css,23,css,00000000,Not Committed Yet,2025-11-07,18:04:14,-08:00,2025-11-07T18:04:14-08:00,0,3
style.css,24,css,00000000,Not Committed Yet,2025-11-07,18:04:14,-08:00,2025-11-07T18:04:14-08:00,2,15
style.css,25,css,00000000,Not Committed Yet,2025-11-07,18:04:14,-08:00,2025-11-07T18:04:14-08:00,2,11
style.css,26,css,00000000,Not Committed Yet,2025-11-07,18:04:14,-08:00,2025-11-07T18:04:14-08:00,2,17
style.css,27,css,00000000,Not Committed Yet,2025-11-07,18:04:14,-08:00,2025-11-07T18:04:14-08:00,2,20
style.css,28,css,00000000,Not Committed Yet,2025-11-07,18:04:14,-08:00,2025-11-07T18:04:14-08:00,0,0
style.css,29,css,00000000,Not Committed Yet,2025-11-07,18:04:14,-08:00,2025-11-07T18:04:14-08:00,0,0
style.css,30,css,00000000,Not Committed Yet,2025-11-07,18:04:14,-08:00,2025-11-07T18:04:14-08:00,0,35
style.css,31,css,00000000,Not Committed Yet,2025-11-07,18:04:14,-08:00,2025-11-07T18:04:14-08:00,2,3
style.css,32,css,00000000,Not Committed Yet,2025-11-07,18:04:14,-08:00,2025-11-07T18:04:14-08:00,4,15
style.css,33,css,00000000,Not Committed Yet,2025-11-07,18:04:14,-08:00,2025-11-07T18:04:14-08:00,2,0
style.css,34,css,00000000,Not Committed Yet,2025-11-07,18:04:14,-08:00,2025-11-07T18:04:14-08:00,0,0
style.css,35,css,00000000,Not Committed Yet,2025-11-07,18:04:14,-08:00,2025-11-07T18:04:14-08:00,0,0
style.css,36,css,00000000,Not Committed Yet,2025-11-07,18:04:14,-08:00,2025-11-07T18:04:14-08:00,0,0
style.css,37,css,f8df5ab3,Wendy Du,2025-10-08,03:25:50,-07:00,2025-10-08T03:25:50-07:00,0,3
style.css,38,css,f8df5ab3,Wendy Du,2025-10-08,03:25:50,-07:00,2025-10-08T03:25:50-07:00,2,12
style.css,39,css,f8df5ab3,Wendy Du,2025-10-08,03:25:50,-07:00,2025-10-08T03:25:50-07:00,2,17
style.css,40,css,a4812c11,Wendy Du,2025-10-15,16:30:42,-07:00,2025-10-15T16:30:42-07:00,2,39
style.css,41,css,a4812c11,Wendy Du,2025-10-15,16:30:42,-07:00,2025-10-15T16:30:42-07:00,2,43
style.css,42,css,f8df5ab3,Wendy Du,2025-10-08,03:25:50,-07:00,2025-10-08T03:25:50-07:00,0,0
style.css,43,css,f8df5ab3,Wendy Du,2025-10-08,03:25:50,-07:00,2025-10-08T03:25:50-07:00,0,0
style.css,44,css,f8df5ab3,Wendy Du,2025-10-08,03:25:50,-07:00,2025-10-08T03:25:50-07:00,0,5
style.css,45,css,f8df5ab3,Wendy Du,2025-10-08,03:25:50,-07:00,2025-10-08T03:25:50-07:00,0,6
style.css,46,css,f8df5ab3,Wendy Du,2025-10-08,03:25:50,-07:00,2025-10-08T03:25:50-07:00,2,16
style.css,47,css,f8df5ab3,Wendy Du,2025-10-08,03:25:50,-07:00,2025-10-08T03:25:50-07:00,0,0
style.css,48,css,f8df5ab3,Wendy Du,2025-10-08,03:25:50,-07:00,2025-10-08T03:25:50-07:00,0,0
style.css,49,css,f8df5ab3,Wendy Du,2025-10-08,03:25:50,-07:00,2025-10-08T03:25:50-07:00,0,5
style.css,50,css,f8df5ab3,Wendy Du,2025-10-08,03:25:50,-07:00,2025-10-08T03:25:50-07:00,2,6
style.css,51,css,f8df5ab3,Wendy Du,2025-10-08,03:25:50,-07:00,2025-10-08T03:25:50-07:00,2,20
style.css,52,css,f8df5ab3,Wendy Du,2025-10-08,03:25:50,-07:00,2025-10-08T03:25:50-07:00,2,13
style.css,53,css,f8df5ab3,Wendy Du,2025-10-08,03:25:50,-07:00,2025-10-08T03:25:50-07:00,2,17
style.css,54,css,f8df5ab3,Wendy Du,2025-10-08,03:25:50,-07:00,2025-10-08T03:25:50-07:00,2,13
style.css,55,css,f8df5ab3,Wendy Du,2025-10-08,03:25:50,-07:00,2025-10-08T03:25:50-07:00,0,0
style.css,56,css,f8df5ab3,Wendy Du,2025-10-08,03:25:50,-07:00,2025-10-08T03:25:50-07:00,0,0
style.css,57,css,f8df5ab3,Wendy Du,2025-10-08,03:25:50,-07:00,2025-10-08T03:25:50-07:00,0,11
style.css,58,css,f8df5ab3,Wendy Du,2025-10-08,03:25:50,-07:00,2025-10-08T03:25:50-07:00,2,45
style.css,59,css,f8df5ab3,Wendy Du,2025-10-08,03:25:50,-07:00,2025-10-08T03:25:50-07:00,2,34
style.css,60,css,a4812c11,Wendy Du,2025-10-15,16:30:42,-07:00,2025-10-15T16:30:42-07:00,2,69
style.css,61,css,f8df5ab3,Wendy Du,2025-10-08,03:25:50,-07:00,2025-10-08T03:25:50-07:00,0,0
style.css,62,css,f8df5ab3,Wendy Du,2025-10-08,03:25:50,-07:00,2025-10-08T03:25:50-07:00,0,0
style.css,63,css,f8df5ab3,Wendy Du,2025-10-08,03:25:50,-07:00,2025-10-08T03:25:50-07:00,0,13
style.css,64,css,a4812c11,Wendy Du,2025-10-15,16:30:42,-07:00,2025-10-15T16:30:42-07:00,2,45
style.css,65,css,f8df5ab3,Wendy Du,2025-10-08,03:25:50,-07:00,2025-10-08T03:25:50-07:00,2,34
style.css,66,css,f8df5ab3,Wendy Du,2025-10-08,03:25:50,-07:00,2025-10-08T03:25:50-07:00,0,0
style.css,67,css,f8df5ab3,Wendy Du,2025-10-08,03:25:50,-07:00,2025-10-08T03:25:50-07:00,0,0
style.css,68,css,a4812c11,Wendy Du,2025-10-15,16:30:42,-07:00,2025-10-15T16:30:42-07:00,0,31
style.css,69,css,f8df5ab3,Wendy Du,2025-10-08,03:25:50,-07:00,2025-10-08T03:25:50-07:00,2,12
style.css,70,css,f8df5ab3,Wendy Du,2025-10-08,03:25:50,-07:00,2025-10-08T03:25:50-07:00,0,0
style.css,71,css,f8df5ab3,Wendy Du,2025-10-08,03:25:50,-07:00,2025-10-08T03:25:50-07:00,0,0
style.css,72,css,f8df5ab3,Wendy Du,2025-10-08,03:25:50,-07:00,2025-10-08T03:25:50-07:00,0,4
style.css,73,css,f8df5ab3,Wendy Du,2025-10-08,03:25:50,-07:00,2025-10-08T03:25:50-07:00,2,12
style.css,74,css,f8df5ab3,Wendy Du,2025-10-08,03:25:50,-07:00,2025-10-08T03:25:50-07:00,2,30
style.css,75,css,f8df5ab3,Wendy Du,2025-10-08,03:25:50,-07:00,2025-10-08T03:25:50-07:00,2,7
style.css,76,css,f8df5ab3,Wendy Du,2025-10-08,03:25:50,-07:00,2025-10-08T03:25:50-07:00,0,0
style.css,77,css,f8df5ab3,Wendy Du,2025-10-08,03:25:50,-07:00,2025-10-08T03:25:50-07:00,0,0
style.css,78,css,f8df5ab3,Wendy Du,2025-10-08,03:25:50,-07:00,2025-10-08T03:25:50-07:00,0,9
style.css,79,css,f8df5ab3,Wendy Du,2025-10-08,03:25:50,-07:00,2025-10-08T03:25:50-07:00,0,11
style.css,80,css,f8df5ab3,Wendy Du,2025-10-08,03:25:50,-07:00,2025-10-08T03:25:50-07:00,2,18
style.css,81,css,f8df5ab3,Wendy Du,2025-10-08,03:25:50,-07:00,2025-10-08T03:25:50-07:00,0,0
style.css,82,css,f8df5ab3,Wendy Du,2025-10-08,03:25:50,-07:00,2025-10-08T03:25:50-07:00,0,0
style.css,83,css,f8df5ab3,Wendy Du,2025-10-08,03:25:50,-07:00,2025-10-08T03:25:50-07:00,0,10
style.css,84,css,f8df5ab3,Wendy Du,2025-10-08,03:25:50,-07:00,2025-10-08T03:25:50-07:00,2,12
style.css,85,css,f8df5ab3,Wendy Du,2025-10-08,03:25:50,-07:00,2025-10-08T03:25:50-07:00,2,29
style.css,86,css,f8df5ab3,Wendy Du,2025-10-08,03:25:50,-07:00,2025-10-08T03:25:50-07:00,0,0
style.css,87,css,f8df5ab3,Wendy Du,2025-10-08,03:25:50,-07:00,2025-10-08T03:25:50-07:00,0,0
style.css,88,css,f8df5ab3,Wendy Du,2025-10-08,03:25:50,-07:00,2025-10-08T03:25:50-07:00,0,15
style.css,89,css,f8df5ab3,Wendy Du,2025-10-08,03:25:50,-07:00,2025-10-08T03:25:50-07:00,0,19
style.css,90,css,f8df5ab3,Wendy Du,2025-10-08,03:25:50,-07:00,2025-10-08T03:25:50-07:00,2,18
style.css,91,css,f8df5ab3,Wendy Du,2025-10-08,03:25:50,-07:00,2025-10-08T03:25:50-07:00,0,0
style.css,92,css,f8df5ab3,Wendy Du,2025-10-08,03:25:50,-07:00,2025-10-08T03:25:50-07:00,0,0
style.css,93,css,f8df5ab3,Wendy Du,2025-10-08,03:25:50,-07:00,2025-10-08T03:25:50-07:00,0,9
style.css,94,css,f8df5ab3,Wendy Du,2025-10-08,03:25:50,-07:00,2025-10-08T03:25:50-07:00,2,12
style.css,95,css,f8df5ab3,Wendy Du,2025-10-08,03:25:50,-07:00,2025-10-08T03:25:50-07:00,2,58
style.css,96,css,f8df5ab3,Wendy Du,2025-10-08,03:25:50,-07:00,2025-10-08T03:25:50-07:00,2,7
style.css,97,css,f8df5ab3,Wendy Du,2025-10-08,03:25:50,-07:00,2025-10-08T03:25:50-07:00,0,0
style.css,98,css,f8df5ab3,Wendy Du,2025-10-08,03:25:50,-07:00,2025-10-08T03:25:50-07:00,0,0
style.css,99,css,f8df5ab3,Wendy Du,2025-10-08,03:25:50,-07:00,2025-10-08T03:25:50-07:00,0,17
style.css,100,css,f8df5ab3,Wendy Du,2025-10-08,03:25:50,-07:00,2025-10-08T03:25:50-07:00,2,12
style.css,101,css,263015e7,Wendy Du,2025-10-29,23:46:27,-07:00,2025-10-29T23:46:27-07:00,2,32
style.css,102,css,f8df5ab3,Wendy Du,2025-10-08,03:25:50,-07:00,2025-10-08T03:25:50-07:00,2,15
style.css,103,css,f8df5ab3,Wendy Du,2025-10-08,03:25:50,-07:00,2025-10-08T03:25:50-07:00,2,11
style.css,104,css,81d59497,Wendy Du,2025-10-12,15:43:34,-07:00,2025-10-12T15:43:34-07:00,2,21
style.css,105,css,f8df5ab3,Wendy Du,2025-10-08,03:25:50,-07:00,2025-10-08T03:25:50-07:00,0,0
style.css,106,css,f8df5ab3,Wendy Du,2025-10-08,03:25:50,-07:00,2025-10-08T03:25:50-07:00,0,0
style.css,107,css,f8df5ab3,Wendy Du,2025-10-08,03:25:50,-07:00,2025-10-08T03:25:50-07:00,0,20
style.css,108,css,f8df5ab3,Wendy Du,2025-10-08,03:25:50,-07:00,2025-10-08T03:25:50-07:00,2,8
style.css,109,css,f8df5ab3,Wendy Du,2025-10-08,03:25:50,-07:00,2025-10-08T03:25:50-07:00,0,0
style.css,110,css,f8df5ab3,Wendy Du,2025-10-08,03:25:50,-07:00,2025-10-08T03:25:50-07:00,0,0
style.css,111,css,f8df5ab3,Wendy Du,2025-10-08,03:25:50,-07:00,2025-10-08T03:25:50-07:00,0,21
style.css,112,css,f8df5ab3,Wendy Du,2025-10-08,03:25:50,-07:00,2025-10-08T03:25:50-07:00,2,10
style.css,113,css,f8df5ab3,Wendy Du,2025-10-08,03:25:50,-07:00,2025-10-08T03:25:50-07:00,2,11
style.css,114,css,f8df5ab3,Wendy Du,2025-10-08,03:25:50,-07:00,2025-10-08T03:25:50-07:00,2,13
style.css,115,css,f8df5ab3,Wendy Du,2025-10-08,03:25:50,-07:00,2025-10-08T03:25:50-07:00,2,16
style.css,116,css,f8df5ab3,Wendy Du,2025-10-08,03:25:50,-07:00,2025-10-08T03:25:50-07:00,0,0
style.css,117,css,f8df5ab3,Wendy Du,2025-10-08,03:25:50,-07:00,2025-10-08T03:25:50-07:00,0,0
style.css,118,css,80d50f2d,Wendy Du,2025-10-09,23:13:34,-07:00,2025-10-09T23:13:34-07:00,0,10
style.css,119,css,80d50f2d,Wendy Du,2025-10-09,23:13:34,-07:00,2025-10-09T23:13:34-07:00,2,12
style.css,120,css,80d50f2d,Wendy Du,2025-10-09,23:13:34,-07:00,2025-10-09T23:13:34-07:00,2,21
style.css,121,css,80d50f2d,Wendy Du,2025-10-09,23:13:34,-07:00,2025-10-09T23:13:34-07:00,2,18
style.css,122,css,80d50f2d,Wendy Du,2025-10-09,23:13:34,-07:00,2025-10-09T23:13:34-07:00,2,17
style.css,123,css,80d50f2d,Wendy Du,2025-10-09,23:13:34,-07:00,2025-10-09T23:13:34-07:00,2,9
style.css,124,css,80d50f2d,Wendy Du,2025-10-09,23:13:34,-07:00,2025-10-09T23:13:34-07:00,2,15
style.css,125,css,80d50f2d,Wendy Du,2025-10-09,23:13:34,-07:00,2025-10-09T23:13:34-07:00,0,0
style.css,126,css,80d50f2d,Wendy Du,2025-10-09,23:13:34,-07:00,2025-10-09T23:13:34-07:00,0,0
style.css,127,css,80d50f2d,Wendy Du,2025-10-09,23:13:34,-07:00,2025-10-09T23:13:34-07:00,0,13
style.css,128,css,80d50f2d,Wendy Du,2025-10-09,23:13:34,-07:00,2025-10-09T23:13:34-07:00,2,14
style.css,129,css,80d50f2d,Wendy Du,2025-10-09,23:13:34,-07:00,2025-10-09T23:13:34-07:00,2,8
style.css,130,css,80d50f2d,Wendy Du,2025-10-09,23:13:34,-07:00,2025-10-09T23:13:34-07:00,0,0
style.css,131,css,80d50f2d,Wendy Du,2025-10-09,23:13:34,-07:00,2025-10-09T23:13:34-07:00,0,0
style.css,132,css,80d50f2d,Wendy Du,2025-10-09,23:13:34,-07:00,2025-10-09T23:13:34-07:00,0,14
style.css,133,css,80d50f2d,Wendy Du,2025-10-09,23:13:34,-07:00,2025-10-09T23:13:34-07:00,2,11
style.css,134,css,80d50f2d,Wendy Du,2025-10-09,23:13:34,-07:00,2025-10-09T23:13:34-07:00,2,12
style.css,135,css,80d50f2d,Wendy Du,2025-10-09,23:13:34,-07:00,2025-10-09T23:13:34-07:00,2,17
style.css,136,css,81d59497,Wendy Du,2025-10-12,15:43:34,-07:00,2025-10-12T15:43:34-07:00,2,36
style.css,137,css,80d50f2d,Wendy Du,2025-10-09,23:13:34,-07:00,2025-10-09T23:13:34-07:00,2,16
style.css,138,css,80d50f2d,Wendy Du,2025-10-09,23:13:34,-07:00,2025-10-09T23:13:34-07:00,0,0
style.css,139,css,80d50f2d,Wendy Du,2025-10-09,23:13:34,-07:00,2025-10-09T23:13:34-07:00,0,0
style.css,140,css,80d50f2d,Wendy Du,2025-10-09,23:13:34,-07:00,2025-10-09T23:13:34-07:00,0,12
style.css,141,css,80d50f2d,Wendy Du,2025-10-09,23:13:34,-07:00,2025-10-09T23:13:34-07:00,2,14
style.css,142,css,80d50f2d,Wendy Du,2025-10-09,23:13:34,-07:00,2025-10-09T23:13:34-07:00,0,0
style.css,143,css,80d50f2d,Wendy Du,2025-10-09,23:13:34,-07:00,2025-10-09T23:13:34-07:00,0,0
style.css,144,css,203ccded,Wendy Du,2025-10-24,17:23:05,-07:00,2025-10-24T17:23:05-07:00,0,18
style.css,145,css,203ccded,Wendy Du,2025-10-24,17:23:05,-07:00,2025-10-24T17:23:05-07:00,2,10
style.css,146,css,203ccded,Wendy Du,2025-10-24,17:23:05,-07:00,2025-10-24T17:23:05-07:00,2,14
style.css,147,css,203ccded,Wendy Du,2025-10-24,17:23:05,-07:00,2025-10-24T17:23:05-07:00,0,0
style.css,148,css,203ccded,Wendy Du,2025-10-24,17:23:05,-07:00,2025-10-24T17:23:05-07:00,0,0
style.css,149,css,80d50f2d,Wendy Du,2025-10-09,23:13:34,-07:00,2025-10-09T23:13:34-07:00,0,0
style.css,150,css,80d50f2d,Wendy Du,2025-10-09,23:13:34,-07:00,2025-10-09T23:13:34-07:00,0,17
style.css,151,css,80d50f2d,Wendy Du,2025-10-09,23:13:34,-07:00,2025-10-09T23:13:34-07:00,2,13
style.css,152,css,80d50f2d,Wendy Du,2025-10-09,23:13:34,-07:00,2025-10-09T23:13:34-07:00,0,0
style.css,153,css,80d50f2d,Wendy Du,2025-10-09,23:13:34,-07:00,2025-10-09T23:13:34-07:00,0,0
style.css,154,css,80d50f2d,Wendy Du,2025-10-09,23:13:34,-07:00,2025-10-09T23:13:34-07:00,0,14
style.css,155,css,80d50f2d,Wendy Du,2025-10-09,23:13:34,-07:00,2025-10-09T23:13:34-07:00,2,17
style.css,156,css,80d50f2d,Wendy Du,2025-10-09,23:13:34,-07:00,2025-10-09T23:13:34-07:00,2,19
style.css,157,css,80d50f2d,Wendy Du,2025-10-09,23:13:34,-07:00,2025-10-09T23:13:34-07:00,2,28
style.css,158,css,80d50f2d,Wendy Du,2025-10-09,23:13:34,-07:00,2025-10-09T23:13:34-07:00,2,20
style.css,159,css,80d50f2d,Wendy Du,2025-10-09,23:13:34,-07:00,2025-10-09T23:13:34-07:00,0,0
style.css,160,css,80d50f2d,Wendy Du,2025-10-09,23:13:34,-07:00,2025-10-09T23:13:34-07:00,0,0
style.css,161,css,80d50f2d,Wendy Du,2025-10-09,23:13:34,-07:00,2025-10-09T23:13:34-07:00,0,17
style.css,162,css,80d50f2d,Wendy Du,2025-10-09,23:13:34,-07:00,2025-10-09T23:13:34-07:00,2,19
style.css,163,css,80d50f2d,Wendy Du,2025-10-09,23:13:34,-07:00,2025-10-09T23:13:34-07:00,2,15
style.css,164,css,80d50f2d,Wendy Du,2025-10-09,23:13:34,-07:00,2025-10-09T23:13:34-07:00,2,10
style.css,165,css,80d50f2d,Wendy Du,2025-10-09,23:13:34,-07:00,2025-10-09T23:13:34-07:00,0,0
style.css,166,css,80d50f2d,Wendy Du,2025-10-09,23:13:34,-07:00,2025-10-09T23:13:34-07:00,0,0
style.css,167,css,80d50f2d,Wendy Du,2025-10-09,23:13:34,-07:00,2025-10-09T23:13:34-07:00,0,16
style.css,168,css,80d50f2d,Wendy Du,2025-10-09,23:13:34,-07:00,2025-10-09T23:13:34-07:00,2,13
style.css,169,css,80d50f2d,Wendy Du,2025-10-09,23:13:34,-07:00,2025-10-09T23:13:34-07:00,2,10
style.css,170,css,80d50f2d,Wendy Du,2025-10-09,23:13:34,-07:00,2025-10-09T23:13:34-07:00,2,8
style.css,171,css,80d50f2d,Wendy Du,2025-10-09,23:13:34,-07:00,2025-10-09T23:13:34-07:00,0,0
style.css,172,css,80d50f2d,Wendy Du,2025-10-09,23:13:34,-07:00,2025-10-09T23:13:34-07:00,0,0
style.css,173,css,80d50f2d,Wendy Du,2025-10-09,23:13:34,-07:00,2025-10-09T23:13:34-07:00,0,16
style.css,174,css,80d50f2d,Wendy Du,2025-10-09,23:13:34,-07:00,2025-10-09T23:13:34-07:00,2,25
style.css,175,css,80d50f2d,Wendy Du,2025-10-09,23:13:34,-07:00,2025-10-09T23:13:34-07:00,2,20
style.css,176,css,80d50f2d,Wendy Du,2025-10-09,23:13:34,-07:00,2025-10-09T23:13:34-07:00,0,0
style.css,177,css,80d50f2d,Wendy Du,2025-10-09,23:13:34,-07:00,2025-10-09T23:13:34-07:00,0,0
style.css,178,css,80d50f2d,Wendy Du,2025-10-09,23:13:34,-07:00,2025-10-09T23:13:34-07:00,0,22
style.css,179,css,80d50f2d,Wendy Du,2025-10-09,23:13:34,-07:00,2025-10-09T23:13:34-07:00,2,25
style.css,180,css,80d50f2d,Wendy Du,2025-10-09,23:13:34,-07:00,2025-10-09T23:13:34-07:00,0,0
style.css,181,css,80d50f2d,Wendy Du,2025-10-09,23:13:34,-07:00,2025-10-09T23:13:34-07:00,0,0
style.css,182,css,f8df5ab3,Wendy Du,2025-10-08,03:25:50,-07:00,2025-10-08T03:25:50-07:00,0,14
style.css,183,css,f8df5ab3,Wendy Du,2025-10-08,03:25:50,-07:00,2025-10-08T03:25:50-07:00,2,25
style.css,184,css,f8df5ab3,Wendy Du,2025-10-08,03:25:50,-07:00,2025-10-08T03:25:50-07:00,2,28
style.css,185,css,f8df5ab3,Wendy Du,2025-10-08,03:25:50,-07:00,2025-10-08T03:25:50-07:00,2,20
style.css,186,css,f8df5ab3,Wendy Du,2025-10-08,03:25:50,-07:00,2025-10-08T03:25:50-07:00,0,0
style.css,187,css,80d50f2d,Wendy Du,2025-10-09,23:13:34,-07:00,2025-10-09T23:13:34-07:00,0,0
style.css,188,css,80d50f2d,Wendy Du,2025-10-09,23:13:34,-07:00,2025-10-09T23:13:34-07:00,0,13
style.css,189,css,80d50f2d,Wendy Du,2025-10-09,23:13:34,-07:00,2025-10-09T23:13:34-07:00,2,19
style.css,190,css,80d50f2d,Wendy Du,2025-10-09,23:13:34,-07:00,2025-10-09T23:13:34-07:00,0,0
style.css,191,css,80d50f2d,Wendy Du,2025-10-09,23:13:34,-07:00,2025-10-09T23:13:34-07:00,0,0
style.css,192,css,80d50f2d,Wendy Du,2025-10-09,23:13:34,-07:00,2025-10-09T23:13:34-07:00,0,20
style.css,193,css,80d50f2d,Wendy Du,2025-10-09,23:13:34,-07:00,2025-10-09T23:13:34-07:00,2,12
style.css,194,css,80d50f2d,Wendy Du,2025-10-09,23:13:34,-07:00,2025-10-09T23:13:34-07:00,2,29
style.css,195,css,80d50f2d,Wendy Du,2025-10-09,23:13:34,-07:00,2025-10-09T23:13:34-07:00,2,20
style.css,196,css,80d50f2d,Wendy Du,2025-10-09,23:13:34,-07:00,2025-10-09T23:13:34-07:00,2,14
style.css,197,css,80d50f2d,Wendy Du,2025-10-09,23:13:34,-07:00,2025-10-09T23:13:34-07:00,2,9
style.css,198,css,80d50f2d,Wendy Du,2025-10-09,23:13:34,-07:00,2025-10-09T23:13:34-07:00,2,20
style.css,199,css,80d50f2d,Wendy Du,2025-10-09,23:13:34,-07:00,2025-10-09T23:13:34-07:00,0,0
style.css,200,css,80d50f2d,Wendy Du,2025-10-09,23:13:34,-07:00,2025-10-09T23:13:34-07:00,0,0
style.css,201,css,80d50f2d,Wendy Du,2025-10-09,23:13:34,-07:00,2025-10-09T23:13:34-07:00,0,23
style.css,202,css,80d50f2d,Wendy Du,2025-10-09,23:13:34,-07:00,2025-10-09T23:13:34-07:00,2,8
style.css,203,css,80d50f2d,Wendy Du,2025-10-09,23:13:34,-07:00,2025-10-09T23:13:34-07:00,2,15
style.css,204,css,80d50f2d,Wendy Du,2025-10-09,23:13:34,-07:00,2025-10-09T23:13:34-07:00,2,15
style.css,205,css,80d50f2d,Wendy Du,2025-10-09,23:13:34,-07:00,2025-10-09T23:13:34-07:00,0,0
style.css,206,css,80d50f2d,Wendy Du,2025-10-09,23:13:34,-07:00,2025-10-09T23:13:34-07:00,0,0
style.css,207,css,80d50f2d,Wendy Du,2025-10-09,23:13:34,-07:00,2025-10-09T23:13:34-07:00,0,25
style.css,208,css,80d50f2d,Wendy Du,2025-10-09,23:13:34,-07:00,2025-10-09T23:13:34-07:00,2,13
style.css,209,css,80d50f2d,Wendy Du,2025-10-09,23:13:34,-07:00,2025-10-09T23:13:34-07:00,2,20
style.css,210,css,80d50f2d,Wendy Du,2025-10-09,23:13:34,-07:00,2025-10-09T23:13:34-07:00,0,0
style.css,211,css,80d50f2d,Wendy Du,2025-10-09,23:13:34,-07:00,2025-10-09T23:13:34-07:00,0,0
style.css,212,css,80d50f2d,Wendy Du,2025-10-09,23:13:34,-07:00,2025-10-09T23:13:34-07:00,0,31
style.css,213,css,80d50f2d,Wendy Du,2025-10-09,23:13:34,-07:00,2025-10-09T23:13:34-07:00,2,25
style.css,214,css,80d50f2d,Wendy Du,2025-10-09,23:13:34,-07:00,2025-10-09T23:13:34-07:00,2,25
style.css,215,css,f8df5ab3,Wendy Du,2025-10-08,03:25:50,-07:00,2025-10-08T03:25:50-07:00,0,0
style.css,216,css,80d50f2d,Wendy Du,2025-10-09,23:13:34,-07:00,2025-10-09T23:13:34-07:00,0,0
style.css,217,css,80d50f2d,Wendy Du,2025-10-09,23:13:34,-07:00,2025-10-09T23:13:34-07:00,0,23
style.css,218,css,80d50f2d,Wendy Du,2025-10-09,23:13:34,-07:00,2025-10-09T23:13:34-07:00,2,8
style.css,219,css,80d50f2d,Wendy Du,2025-10-09,23:13:34,-07:00,2025-10-09T23:13:34-07:00,2,17
style.css,220,css,80d50f2d,Wendy Du,2025-10-09,23:13:34,-07:00,2025-10-09T23:13:34-07:00,2,10
style.css,221,css,80d50f2d,Wendy Du,2025-10-09,23:13:34,-07:00,2025-10-09T23:13:34-07:00,2,15
style.css,222,css,80d50f2d,Wendy Du,2025-10-09,23:13:34,-07:00,2025-10-09T23:13:34-07:00,2,18
style.css,223,css,80d50f2d,Wendy Du,2025-10-09,23:13:34,-07:00,2025-10-09T23:13:34-07:00,0,0
style.css,224,css,80d50f2d,Wendy Du,2025-10-09,23:13:34,-07:00,2025-10-09T23:13:34-07:00,0,0
style.css,225,css,80d50f2d,Wendy Du,2025-10-09,23:13:34,-07:00,2025-10-09T23:13:34-07:00,0,17
style.css,226,css,80d50f2d,Wendy Du,2025-10-09,23:13:34,-07:00,2025-10-09T23:13:34-07:00,2,15
style.css,227,css,80d50f2d,Wendy Du,2025-10-09,23:13:34,-07:00,2025-10-09T23:13:34-07:00,0,0
style.css,228,css,80d50f2d,Wendy Du,2025-10-09,23:13:34,-07:00,2025-10-09T23:13:34-07:00,0,0
style.css,229,css,80d50f2d,Wendy Du,2025-10-09,23:13:34,-07:00,2025-10-09T23:13:34-07:00,0,18
style.css,230,css,80d50f2d,Wendy Du,2025-10-09,23:13:34,-07:00,2025-10-09T23:13:34-07:00,2,16
style.css,231,css,81d59497,Wendy Du,2025-10-12,15:43:34,-07:00,2025-10-12T15:43:34-07:00,2,16
style.css,232,css,80d50f2d,Wendy Du,2025-10-09,23:13:34,-07:00,2025-10-09T23:13:34-07:00,0,0
style.css,233,css,80d50f2d,Wendy Du,2025-10-09,23:13:34,-07:00,2025-10-09T23:13:34-07:00,0,0
style.css,234,css,80d50f2d,Wendy Du,2025-10-09,23:13:34,-07:00,2025-10-09T23:13:34-07:00,0,16
style.css,235,css,80d50f2d,Wendy Du,2025-10-09,23:13:34,-07:00,2025-10-09T23:13:34-07:00,2,19
style.css,236,css,80d50f2d,Wendy Du,2025-10-09,23:13:34,-07:00,2025-10-09T23:13:34-07:00,0,0
style.css,237,css,80d50f2d,Wendy Du,2025-10-09,23:13:34,-07:00,2025-10-09T23:13:34-07:00,0,0
style.css,238,css,80d50f2d,Wendy Du,2025-10-09,23:13:34,-07:00,2025-10-09T23:13:34-07:00,0,48
style.css,239,css,80d50f2d,Wendy Du,2025-10-09,23:13:34,-07:00,2025-10-09T23:13:34-07:00,2,15
style.css,240,css,80d50f2d,Wendy Du,2025-10-09,23:13:34,-07:00,2025-10-09T23:13:34-07:00,2,10
style.css,241,css,80d50f2d,Wendy Du,2025-10-09,23:13:34,-07:00,2025-10-09T23:13:34-07:00,0,0
style.css,242,css,80d50f2d,Wendy Du,2025-10-09,23:13:34,-07:00,2025-10-09T23:13:34-07:00,0,0
style.css,243,css,80d50f2d,Wendy Du,2025-10-09,23:13:34,-07:00,2025-10-09T23:13:34-07:00,0,20
style.css,244,css,80d50f2d,Wendy Du,2025-10-09,23:13:34,-07:00,2025-10-09T23:13:34-07:00,2,15
style.css,245,css,80d50f2d,Wendy Du,2025-10-09,23:13:34,-07:00,2025-10-09T23:13:34-07:00,2,10
style.css,246,css,80d50f2d,Wendy Du,2025-10-09,23:13:34,-07:00,2025-10-09T23:13:34-07:00,0,0
style.css,247,css,80d50f2d,Wendy Du,2025-10-09,23:13:34,-07:00,2025-10-09T23:13:34-07:00,0,0
style.css,248,css,80d50f2d,Wendy Du,2025-10-09,23:13:34,-07:00,2025-10-09T23:13:34-07:00,0,14
style.css,249,css,80d50f2d,Wendy Du,2025-10-09,23:13:34,-07:00,2025-10-09T23:13:34-07:00,2,15
style.css,250,css,a4812c11,Wendy Du,2025-10-15,16:30:42,-07:00,2025-10-15T16:30:42-07:00,0,0
style.css,251,css,a4812c11,Wendy Du,2025-10-15,16:30:42,-07:00,2025-10-15T16:30:42-07:00,0,0
style.css,252,css,a4812c11,Wendy Du,2025-10-15,16:30:42,-07:00,2025-10-15T16:30:42-07:00,0,13
style.css,253,css,a4812c11,Wendy Du,2025-10-15,16:30:42,-07:00,2025-10-15T16:30:42-07:00,2,17
style.css,254,css,a4812c11,Wendy Du,2025-10-15,16:30:42,-07:00,2025-10-15T16:30:42-07:00,2,8
style.css,255,css,a4812c11,Wendy Du,2025-10-15,16:30:42,-07:00,2025-10-15T16:30:42-07:00,2,10
style.css,256,css,a4812c11,Wendy Du,2025-10-15,16:30:42,-07:00,2025-10-15T16:30:42-07:00,2,13
style.css,257,css,203ccded,Wendy Du,2025-10-24,17:23:05,-07:00,2025-10-24T17:23:05-07:00,0,0
style.css,258,css,203ccded,Wendy Du,2025-10-24,17:23:05,-07:00,2025-10-24T17:23:05-07:00,0,0
style.css,259,css,00000000,Not Committed Yet,2025-11-07,18:04:14,-08:00,2025-11-07T18:04:14-08:00,0,40
style.css,260,css,00000000,Not Committed Yet,2025-11-07,18:04:14,-08:00,2025-11-07T18:04:14-08:00,0,16
style.css,261,css,00000000,Not Committed Yet,2025-11-07,18:04:14,-08:00,2025-11-07T18:04:14-08:00,0,8
style.css,262,css,203ccded,Wendy Du,2025-10-24,17:23:05,-07:00,2025-10-24T17:23:05-07:00,2,12
style.css,263,css,203ccded,Wendy Du,2025-10-24,17:23:05,-07:00,2025-10-24T17:23:05-07:00,2,57
style.css,264,css,203ccded,Wendy Du,2025-10-24,17:23:05,-07:00,2025-10-24T17:23:05-07:00,2,13
style.css,265,css,00000000,Not Committed Yet,2025-11-07,18:04:14,-08:00,2025-11-07T18:04:14-08:00,2,17
style.css,266,css,203ccded,Wendy Du,2025-10-24,17:23:05,-07:00,2025-10-24T17:23:05-07:00,0,0
style.css,267,css,203ccded,Wendy Du,2025-10-24,17:23:05,-07:00,2025-10-24T17:23:05-07:00,0,0
style.css,268,css,00000000,Not Committed Yet,2025-11-07,18:04:14,-08:00,2025-11-07T18:04:14-08:00,0,16
style.css,269,css,00000000,Not Committed Yet,2025-11-07,18:04:14,-08:00,2025-11-07T18:04:14-08:00,0,11
style.css,270,css,203ccded,Wendy Du,2025-10-24,17:23:05,-07:00,2025-10-24T17:23:05-07:00,2,10
style.css,271,css,00000000,Not Committed Yet,2025-11-07,18:04:14,-08:00,2025-11-07T18:04:14-08:00,2,15
style.css,272,css,203ccded,Wendy Du,2025-10-24,17:23:05,-07:00,2025-10-24T17:23:05-07:00,2,16
style.css,273,css,00000000,Not Committed Yet,2025-11-07,18:04:14,-08:00,2025-11-07T18:04:14-08:00,2,24
style.css,274,css,00000000,Not Committed Yet,2025-11-07,18:04:14,-08:00,2025-11-07T18:04:14-08:00,2,20
style.css,275,css,203ccded,Wendy Du,2025-10-24,17:23:05,-07:00,2025-10-24T17:23:05-07:00,2,24
style.css,276,css,203ccded,Wendy Du,2025-10-24,17:23:05,-07:00,2025-10-24T17:23:05-07:00,0,0
style.css,277,css,203ccded,Wendy Du,2025-10-24,17:23:05,-07:00,2025-10-24T17:23:05-07:00,0,0
style.css,278,css,00000000,Not Committed Yet,2025-11-07,18:04:14,-08:00,2025-11-07T18:04:14-08:00,0,16
style.css,279,css,00000000,Not Committed Yet,2025-11-07,18:04:14,-08:00,2025-11-07T18:04:14-08:00,0,59
style.css,280,css,203ccded,Wendy Du,2025-10-24,17:23:05,-07:00,2025-10-24T17:23:05-07:00,2,10
style.css,281,css,203ccded,Wendy Du,2025-10-24,17:23:05,-07:00,2025-10-24T17:23:05-07:00,2,14
style.css,282,css,203ccded,Wendy Du,2025-10-24,17:23:05,-07:00,2025-10-24T17:23:05-07:00,2,15
style.css,283,css,203ccded,Wendy Du,2025-10-24,17:23:05,-07:00,2025-10-24T17:23:05-07:00,2,13
style.css,284,css,00000000,Not Committed Yet,2025-11-07,18:04:14,-08:00,2025-11-07T18:04:14-08:00,2,13
style.css,285,css,00000000,Not Committed Yet,2025-11-07,18:04:14,-08:00,2025-11-07T18:04:14-08:00,0,0
style.css,286,css,00000000,Not Committed Yet,2025-11-07,18:04:14,-08:00,2025-11-07T18:04:14-08:00,0,0
style.css,287,css,00000000,Not Committed Yet,2025-11-07,18:04:14,-08:00,2025-11-07T18:04:14-08:00,0,68
style.css,288,css,00000000,Not Committed Yet,2025-11-07,18:04:14,-08:00,2025-11-07T18:04:14-08:00,0,19
style.css,289,css,00000000,Not Committed Yet,2025-11-07,18:04:14,-08:00,2025-11-07T18:04:14-08:00,2,14
style.css,290,css,00000000,Not Committed Yet,2025-11-07,18:04:14,-08:00,2025-11-07T18:04:14-08:00,0,0
style.css,291,css,00000000,Not Committed Yet,2025-11-07,18:04:14,-08:00,2025-11-07T18:04:14-08:00,0,0
style.css,292,css,00000000,Not Committed Yet,2025-11-07,18:04:14,-08:00,2025-11-07T18:04:14-08:00,0,22
style.css,293,css,00000000,Not Committed Yet,2025-11-07,18:04:14,-08:00,2025-11-07T18:04:14-08:00,2,14
style.css,294,css,00000000,Not Committed Yet,2025-11-07,18:04:14,-08:00,2025-11-07T18:04:14-08:00,2,10
style.css,295,css,00000000,Not Committed Yet,2025-11-07,18:04:14,-08:00,2025-11-07T18:04:14-08:00,2,13
style.css,296,css,00000000,Not Committed Yet,2025-11-07,18:04:14,-08:00,2025-11-07T18:04:14-08:00,2,15
style.css,297,css,00000000,Not Committed Yet,2025-11-07,18:04:14,-08:00,2025-11-07T18:04:14-08:00,2,13
style.css,298,css,00000000,Not Committed Yet,2025-11-07,18:04:14,-08:00,2025-11-07T18:04:14-08:00,0,0
style.css,299,css,00000000,Not Committed Yet,2025-11-07,18:04:14,-08:00,2025-11-07T18:04:14-08:00,0,22
style.css,300,css,00000000,Not Committed Yet,2025-11-07,18:04:14,-08:00,2025-11-07T18:04:14-08:00,2,10
style.css,301,css,00000000,Not Committed Yet,2025-11-07,18:04:14,-08:00,2025-11-07T18:04:14-08:00,2,13
style.css,302,css,263015e7,Wendy Du,2025-10-29,23:46:27,-07:00,2025-10-29T23:46:27-07:00,0,0
style.css,303,css,263015e7,Wendy Du,2025-10-29,23:46:27,-07:00,2025-10-29T23:46:27-07:00,0,0
style.css,304,css,00000000,Not Committed Yet,2025-11-07,18:04:14,-08:00,2025-11-07T18:04:14-08:00,0,0
style.css,305,css,263015e7,Wendy Du,2025-10-29,23:46:27,-07:00,2025-10-29T23:46:27-07:00,0,27
style.css,306,css,263015e7,Wendy Du,2025-10-29,23:46:27,-07:00,2025-10-29T23:46:27-07:00,0,0
style.css,307,css,263015e7,Wendy Du,2025-10-29,23:46:27,-07:00,2025-10-29T23:46:27-07:00,0,24
style.css,308,css,263015e7,Wendy Du,2025-10-29,23:46:27,-07:00,2025-10-29T23:46:27-07:00,0,13
style.css,309,css,263015e7,Wendy Du,2025-10-29,23:46:27,-07:00,2025-10-29T23:46:27-07:00,2,13
style.css,310,css,263015e7,Wendy Du,2025-10-29,23:46:27,-07:00,2025-10-29T23:46:27-07:00,2,16
style.css,311,css,263015e7,Wendy Du,2025-10-29,23:46:27,-07:00,2025-10-29T23:46:27-07:00,2,77
style.css,312,css,263015e7,Wendy Du,2025-10-29,23:46:27,-07:00,2025-10-29T23:46:27-07:00,2,34
style.css,313,css,263015e7,Wendy Du,2025-10-29,23:46:27,-07:00,2025-10-29T23:46:27-07:00,2,10
style.css,314,css,263015e7,Wendy Du,2025-10-29,23:46:27,-07:00,2025-10-29T23:46:27-07:00,2,15
style.css,315,css,263015e7,Wendy Du,2025-10-29,23:46:27,-07:00,2025-10-29T23:46:27-07:00,0,0
style.css,316,css,263015e7,Wendy Du,2025-10-29,23:46:27,-07:00,2025-10-29T23:46:27-07:00,0,0
style.css,317,css,263015e7,Wendy Du,2025-10-29,23:46:27,-07:00,2025-10-29T23:46:27-07:00,0,35
style.css,318,css,263015e7,Wendy Du,2025-10-29,23:46:27,-07:00,2025-10-29T23:46:27-07:00,2,13
style.css,319,css,263015e7,Wendy Du,2025-10-29,23:46:27,-07:00,2025-10-29T23:46:27-07:00,4,10
style.css,320,css,263015e7,Wendy Du,2025-10-29,23:46:27,-07:00,2025-10-29T23:46:27-07:00,2,0
style.css,321,css,263015e7,Wendy Du,2025-10-29,23:46:27,-07:00,2025-10-29T23:46:27-07:00,0,0
style.css,322,css,263015e7,Wendy Du,2025-10-29,23:46:27,-07:00,2025-10-29T23:46:27-07:00,0,0
style.css,323,css,263015e7,Wendy Du,2025-10-29,23:46:27,-07:00,2025-10-29T23:46:27-07:00,0,23
style.css,324,css,263015e7,Wendy Du,2025-10-29,23:46:27,-07:00,2025-10-29T23:46:27-07:00,2,12
style.css,325,css,263015e7,Wendy Du,2025-10-29,23:46:27,-07:00,2025-10-29T23:46:27-07:00,2,21
style.css,326,css,263015e7,Wendy Du,2025-10-29,23:46:27,-07:00,2025-10-29T23:46:27-07:00,2,29
style.css,327,css,263015e7,Wendy Du,2025-10-29,23:46:27,-07:00,2025-10-29T23:46:27-07:00,2,11
style.css,328,css,263015e7,Wendy Du,2025-10-29,23:46:27,-07:00,2025-10-29T23:46:27-07:00,0,0
style.css,329,css,263015e7,Wendy Du,2025-10-29,23:46:27,-07:00,2025-10-29T23:46:27-07:00,0,0
style.css,330,css,263015e7,Wendy Du,2025-10-29,23:46:27,-07:00,2025-10-29T23:46:27-07:00,0,28
style.css,331,css,263015e7,Wendy Du,2025-10-29,23:46:27,-07:00,2025-10-29T23:46:27-07:00,0,16
style.css,332,css,263015e7,Wendy Du,2025-10-29,23:46:27,-07:00,2025-10-29T23:46:27-07:00,2,12
style.css,333,css,263015e7,Wendy Du,2025-10-29,23:46:27,-07:00,2025-10-29T23:46:27-07:00,2,18
style.css,334,css,263015e7,Wendy Du,2025-10-29,23:46:27,-07:00,2025-10-29T23:46:27-07:00,2,7
style.css,335,css,263015e7,Wendy Du,2025-10-29,23:46:27,-07:00,2025-10-29T23:46:27-07:00,2,14
style.css,336,css,263015e7,Wendy Du,2025-10-29,23:46:27,-07:00,2025-10-29T23:46:27-07:00,2,16
style.css,337,css,263015e7,Wendy Du,2025-10-29,23:46:27,-07:00,2025-10-29T23:46:27-07:00,2,41
style.css,338,css,263015e7,Wendy Du,2025-10-29,23:46:27,-07:00,2025-10-29T23:46:27-07:00,2,11
style.css,339,css,263015e7,Wendy Du,2025-10-29,23:46:27,-07:00,2025-10-29T23:46:27-07:00,2,17
style.css,340,css,263015e7,Wendy Du,2025-10-29,23:46:27,-07:00,2025-10-29T23:46:27-07:00,0,0
style.css,341,css,263015e7,Wendy Du,2025-10-29,23:46:27,-07:00,2025-10-29T23:46:27-07:00,0,0
style.css,342,css,263015e7,Wendy Du,2025-10-29,23:46:27,-07:00,2025-10-29T23:46:27-07:00,0,18
style.css,343,css,263015e7,Wendy Du,2025-10-29,23:46:27,-07:00,2025-10-29T23:46:27-07:00,2,14
style.css,344,css,263015e7,Wendy Du,2025-10-29,23:46:27,-07:00,2025-10-29T23:46:27-07:00,2,14
style.css,345,css,263015e7,Wendy Du,2025-10-29,23:46:27,-07:00,2025-10-29T23:46:27-07:00,2,13
style.css,346,css,263015e7,Wendy Du,2025-10-29,23:46:27,-07:00,2025-10-29T23:46:27-07:00,2,16
style.css,347,css,263015e7,Wendy Du,2025-10-29,23:46:27,-07:00,2025-10-29T23:46:27-07:00,0,0
style.css,348,css,263015e7,Wendy Du,2025-10-29,23:46:27,-07:00,2025-10-29T23:46:27-07:00,0,0
style.css,349,css,263015e7,Wendy Du,2025-10-29,23:46:27,-07:00,2025-10-29T23:46:27-07:00,0,7
style.css,350,css,263015e7,Wendy Du,2025-10-29,23:46:27,-07:00,2025-10-29T23:46:27-07:00,2,13
style.css,351,css,263015e7,Wendy Du,2025-10-29,23:46:27,-07:00,2025-10-29T23:46:27-07:00,2,9
style.css,352,css,263015e7,Wendy Du,2025-10-29,23:46:27,-07:00,2025-10-29T23:46:27-07:00,2,8
style.css,353,css,263015e7,Wendy Du,2025-10-29,23:46:27,-07:00,2025-10-29T23:46:27-07:00,2,15
style.css,354,css,263015e7,Wendy Du,2025-10-29,23:46:27,-07:00,2025-10-29T23:46:27-07:00,2,12
style.css,355,css,263015e7,Wendy Du,2025-10-29,23:46:27,-07:00,2025-10-29T23:46:27-07:00,2,57
style.css,356,css,263015e7,Wendy Du,2025-10-29,23:46:27,-07:00,2025-10-29T23:46:27-07:00,2,13
style.css,357,css,263015e7,Wendy Du,2025-10-29,23:46:27,-07:00,2025-10-29T23:46:27-07:00,0,0
style.css,358,css,263015e7,Wendy Du,2025-10-29,23:46:27,-07:00,2025-10-29T23:46:27-07:00,0,0
style.css,359,css,263015e7,Wendy Du,2025-10-29,23:46:27,-07:00,2025-10-29T23:46:27-07:00,0,12
style.css,360,css,263015e7,Wendy Du,2025-10-29,23:46:27,-07:00,2025-10-29T23:46:27-07:00,2,12
style.css,361,css,263015e7,Wendy Du,2025-10-29,23:46:27,-07:00,2025-10-29T23:46:27-07:00,2,18
style.css,362,css,263015e7,Wendy Du,2025-10-29,23:46:27,-07:00,2025-10-29T23:46:27-07:00,2,9
style.css,363,css,263015e7,Wendy Du,2025-10-29,23:46:27,-07:00,2025-10-29T23:46:27-07:00,2,14
style.css,364,css,263015e7,Wendy Du,2025-10-29,23:46:27,-07:00,2025-10-29T23:46:27-07:00,2,13
style.css,365,css,263015e7,Wendy Du,2025-10-29,23:46:27,-07:00,2025-10-29T23:46:27-07:00,2,17
style.css,366,css,263015e7,Wendy Du,2025-10-29,23:46:27,-07:00,2025-10-29T23:46:27-07:00,2,32
style.css,367,css,263015e7,Wendy Du,2025-10-29,23:46:27,-07:00,2025-10-29T23:46:27-07:00,0,0
style.css,368,css,263015e7,Wendy Du,2025-10-29,23:46:27,-07:00,2025-10-29T23:46:27-07:00,0,0
style.css,369,css,263015e7,Wendy Du,2025-10-29,23:46:27,-07:00,2025-10-29T23:46:27-07:00,0,18
style.css,370,css,263015e7,Wendy Du,2025-10-29,23:46:27,-07:00,2025-10-29T23:46:27-07:00,2,69
style.css,371,css,263015e7,Wendy Du,2025-10-29,23:46:27,-07:00,2025-10-29T23:46:27-07:00,0,0
style.css,372,css,263015e7,Wendy Du,2025-10-29,23:46:27,-07:00,2025-10-29T23:46:27-07:00,0,0
style.css,373,css,263015e7,Wendy Du,2025-10-29,23:46:27,-07:00,2025-10-29T23:46:27-07:00,0,7
style.css,374,css,263015e7,Wendy Du,2025-10-29,23:46:27,-07:00,2025-10-29T23:46:27-07:00,2,9
style.css,375,css,263015e7,Wendy Du,2025-10-29,23:46:27,-07:00,2025-10-29T23:46:27-07:00,2,14
style.css,376,css,263015e7,Wendy Du,2025-10-29,23:46:27,-07:00,2025-10-29T23:46:27-07:00,2,23
style.css,377,css,263015e7,Wendy Du,2025-10-29,23:46:27,-07:00,2025-10-29T23:46:27-07:00,2,17
style.css,378,css,263015e7,Wendy Du,2025-10-29,23:46:27,-07:00,2025-10-29T23:46:27-07:00,2,20
style.css,379,css,263015e7,Wendy Du,2025-10-29,23:46:27,-07:00,2025-10-29T23:46:27-07:00,0,0
style.css,380,css,263015e7,Wendy Du,2025-10-29,23:46:27,-07:00,2025-10-29T23:46:27-07:00,0,0
style.css,381,css,263015e7,Wendy Du,2025-10-29,23:46:27,-07:00,2025-10-29T23:46:27-07:00,0,22
style.css,382,css,263015e7,Wendy Du,2025-10-29,23:46:27,-07:00,2025-10-29T23:46:27-07:00,0,11
style.css,383,css,263015e7,Wendy Du,2025-10-29,23:46:27,-07:00,2025-10-29T23:46:27-07:00,2,10
style.css,384,css,263015e7,Wendy Du,2025-10-29,23:46:27,-07:00,2025-10-29T23:46:27-07:00,2,18
style.css,385,css,263015e7,Wendy Du,2025-10-29,23:46:27,-07:00,2025-10-29T23:46:27-07:00,2,13
style.css,386,css,263015e7,Wendy Du,2025-10-29,23:46:27,-07:00,2025-10-29T23:46:27-07:00,2,17
style.css,387,css,263015e7,Wendy Du,2025-10-29,23:46:27,-07:00,2025-10-29T23:46:27-07:00,2,21
style.css,388,css,263015e7,Wendy Du,2025-10-29,23:46:27,-07:00,2025-10-29T23:46:27-07:00,2,17
style.css,389,css,263015e7,Wendy Du,2025-10-29,23:46:27,-07:00,2025-10-29T23:46:27-07:00,2,21
style.css,390,css,263015e7,Wendy Du,2025-10-29,23:46:27,-07:00,2025-10-29T23:46:27-07:00,0,0
style.css,391,css,263015e7,Wendy Du,2025-10-29,23:46:27,-07:00,2025-10-29T23:46:27-07:00,0,0
style.css,392,css,263015e7,Wendy Du,2025-10-29,23:46:27,-07:00,2025-10-29T23:46:27-07:00,0,35
style.css,393,css,263015e7,Wendy Du,2025-10-29,23:46:27,-07:00,2025-10-29T23:46:27-07:00,2,11
style.css,394,css,263015e7,Wendy Du,2025-10-29,23:46:27,-07:00,2025-10-29T23:46:27-07:00,4,21
style.css,395,css,263015e7,Wendy Du,2025-10-29,23:46:27,-07:00,2025-10-29T23:46:27-07:00,4,17
style.css,396,css,263015e7,Wendy Du,2025-10-29,23:46:27,-07:00,2025-10-29T23:46:27-07:00,4,11
style.css,397,css,263015e7,Wendy Du,2025-10-29,23:46:27,-07:00,2025-10-29T23:46:27-07:00,2,0
style.css,398,css,263015e7,Wendy Du,2025-10-29,23:46:27,-07:00,2025-10-29T23:46:27-07:00,2,17
style.css,399,css,263015e7,Wendy Du,2025-10-29,23:46:27,-07:00,2025-10-29T23:46:27-07:00,4,17
style.css,400,css,263015e7,Wendy Du,2025-10-29,23:46:27,-07:00,2025-10-29T23:46:27-07:00,2,0
style.css,401,css,263015e7,Wendy Du,2025-10-29,23:46:27,-07:00,2025-10-29T23:46:27-07:00,0,0
style.css,402,css,263015e7,Wendy Du,2025-10-29,23:46:27,-07:00,2025-10-29T23:46:27-07:00,0,0
style.css,403,css,263015e7,Wendy Du,2025-10-29,23:46:27,-07:00,2025-10-29T23:46:27-07:00,0,0
style.css,404,css,263015e7,Wendy Du,2025-10-29,23:46:27,-07:00,2025-10-29T23:46:27-07:00,0,34
style.css,405,css,263015e7,Wendy Du,2025-10-29,23:46:27,-07:00,2025-10-29T23:46:27-07:00,0,23
style.css,406,css,263015e7,Wendy Du,2025-10-29,23:46:27,-07:00,2025-10-29T23:46:27-07:00,2,14
style.css,407,css,263015e7,Wendy Du,2025-10-29,23:46:27,-07:00,2025-10-29T23:46:27-07:00,2,36
style.css,408,css,263015e7,Wendy Du,2025-10-29,23:46:27,-07:00,2025-10-29T23:46:27-07:00,0,0
style.css,409,css,263015e7,Wendy Du,2025-10-29,23:46:27,-07:00,2025-10-29T23:46:27-07:00,0,0
style.css,410,css,263015e7,Wendy Du,2025-10-29,23:46:27,-07:00,2025-10-29T23:46:27-07:00,0,51
style.css,411,css,263015e7,Wendy Du,2025-10-29,23:46:27,-07:00,2025-10-29T23:46:27-07:00,2,11
style.css,412,css,263015e7,Wendy Du,2025-10-29,23:46:27,-07:00,2025-10-29T23:46:27-07:00,0,0
style.css,413,css,263015e7,Wendy Du,2025-10-29,23:46:27,-07:00,2025-10-29T23:46:27-07:00,0,0
style.css,414,css,263015e7,Wendy Du,2025-10-29,23:46:27,-07:00,2025-10-29T23:46:27-07:00,0,9
style.css,415,css,263015e7,Wendy Du,2025-10-29,23:46:27,-07:00,2025-10-29T23:46:27-07:00,1,37
style.css,416,css,263015e7,Wendy Du,2025-10-29,23:46:27,-07:00,2025-10-29T23:46:27-07:00,0,0
style.css,417,css,263015e7,Wendy Du,2025-10-29,23:46:27,-07:00,2025-10-29T23:46:27-07:00,0,0
style.css,418,css,263015e7,Wendy Du,2025-10-29,23:46:27,-07:00,2025-10-29T23:46:27-07:00,0,18
style.css,419,css,263015e7,Wendy Du,2025-10-29,23:46:27,-07:00,2025-10-29T23:46:27-07:00,1,17
style.css,420,css,00000000,Not Committed Yet,2025-11-07,18:04:14,-08:00,2025-11-07T18:04:14-08:00,0,0
style.css,421,css,00000000,Not Committed Yet,2025-11-07,18:04:14,-08:00,2025-11-07T18:04:14-08:00,0,0
style.css,422,css,00000000,Not Committed Yet,2025-11-07,18:04:14,-08:00,2025-11-07T18:04:14-08:00,0,19
style.css,423,css,00000000,Not Committed Yet,2025-11-07,18:04:14,-08:00,2025-11-07T18:04:14-08:00,0,0
style.css,424,css,00000000,Not Committed Yet,2025-11-07,18:04:14,-08:00,2025-11-07T18:04:14-08:00,0,23
style.css,425,css,00000000,Not Committed Yet,2025-11-07,18:04:14,-08:00,2025-11-07T18:04:14-08:00,0,7
style.css,426,css,00000000,Not Committed Yet,2025-11-07,18:04:14,-08:00,2025-11-07T18:04:14-08:00,2,12
style.css,427,css,00000000,Not Committed Yet,2025-11-07,18:04:14,-08:00,2025-11-07T18:04:14-08:00,2,30
style.css,428,css,00000000,Not Committed Yet,2025-11-07,18:04:14,-08:00,2025-11-07T18:04:14-08:00,2,13
style.css,429,css,00000000,Not Committed Yet,2025-11-07,18:04:14,-08:00,2025-11-07T18:04:14-08:00,0,0
style.css,430,css,00000000,Not Committed Yet,2025-11-07,18:04:14,-08:00,2025-11-07T18:04:14-08:00,0,0
style.css,431,css,00000000,Not Committed Yet,2025-11-07,18:04:14,-08:00,2025-11-07T18:04:14-08:00,0,10
style.css,432,css,00000000,Not Committed Yet,2025-11-07,18:04:14,-08:00,2025-11-07T18:04:14-08:00,2,13
style.css,433,css,00000000,Not Committed Yet,2025-11-07,18:04:14,-08:00,2025-11-07T18:04:14-08:00,2,16
style.css,434,css,00000000,Not Committed Yet,2025-11-07,18:04:14,-08:00,2025-11-07T18:04:14-08:00,2,24
style.css,435,css,00000000,Not Committed Yet,2025-11-07,18:04:14,-08:00,2025-11-07T18:04:14-08:00,0,0
style.css,436,css,00000000,Not Committed Yet,2025-11-07,18:04:14,-08:00,2025-11-07T18:04:14-08:00,0,0
style.css,437,css,00000000,Not Committed Yet,2025-11-07,18:04:14,-08:00,2025-11-07T18:04:14-08:00,0,10
style.css,438,css,00000000,Not Committed Yet,2025-11-07,18:04:14,-08:00,2025-11-07T18:04:14-08:00,2,13
style.css,439,css,00000000,Not Committed Yet,2025-11-07,18:04:14,-08:00,2025-11-07T18:04:14-08:00,2,8
style.css,440,css,00000000,Not Committed Yet,2025-11-07,18:04:14,-08:00,2025-11-07T18:04:14-08:00,2,15
style.css,441,css,00000000,Not Committed Yet,2025-11-07,18:04:14,-08:00,2025-11-07T18:04:14-08:00,0,0
style.css,442,css,00000000,Not Committed Yet,2025-11-07,18:04:14,-08:00,2025-11-07T18:04:14-08:00,0,0
style.css,443,css,00000000,Not Committed Yet,2025-11-07,18:04:14,-08:00,2025-11-07T18:04:14-08:00,0,27
style.css,444,css,00000000,Not Committed Yet,2025-11-07,18:04:14,-08:00,2025-11-07T18:04:14-08:00,0,8
style.css,445,css,00000000,Not Committed Yet,2025-11-07,18:04:14,-08:00,2025-11-07T18:04:14-08:00,2,14
style.css,446,css,00000000,Not Committed Yet,2025-11-07,18:04:14,-08:00,2025-11-07T18:04:14-08:00,2,36
style.css,447,css,00000000,Not Committed Yet,2025-11-07,18:04:14,-08:00,2025-11-07T18:04:14-08:00,2,25
style.css,448,css,00000000,Not Committed Yet,2025-11-07,18:04:14,-08:00,2025-11-07T18:04:14-08:00,2,11
style.css,449,css,00000000,Not Committed Yet,2025-11-07,18:04:14,-08:00,2025-11-07T18:04:14-08:00,2,17
style.css,450,css,00000000,Not Committed Yet,2025-11-07,18:04:14,-08:00,2025-11-07T18:04:14-08:00,2,36
style.css,451,css,00000000,Not Committed Yet,2025-11-07,18:04:14,-08:00,2025-11-07T18:04:14-08:00,2,15
style.css,452,css,00000000,Not Committed Yet,2025-11-07,18:04:14,-08:00,2025-11-07T18:04:14-08:00,2,61
style.css,453,css,00000000,Not Committed Yet,2025-11-07,18:04:14,-08:00,2025-11-07T18:04:14-08:00,2,10
style.css,454,css,00000000,Not Committed Yet,2025-11-07,18:04:14,-08:00,2025-11-07T18:04:14-08:00,0,0
style.css,455,css,00000000,Not Committed Yet,2025-11-07,18:04:14,-08:00,2025-11-07T18:04:14-08:00,0,0
style.css,456,css,00000000,Not Committed Yet,2025-11-07,18:04:14,-08:00,2025-11-07T18:04:14-08:00,0,7
style.css,457,css,00000000,Not Committed Yet,2025-11-07,18:04:14,-08:00,2025-11-07T18:04:14-08:00,2,25
style.css,458,css,00000000,Not Committed Yet,2025-11-07,18:04:14,-08:00,2025-11-07T18:04:14-08:00,2,39
style.css,459,css,00000000,Not Committed Yet,2025-11-07,18:04:14,-08:00,2025-11-07T18:04:14-08:00,0,0
style.css,460,css,00000000,Not Committed Yet,2025-11-07,18:04:14,-08:00,2025-11-07T18:04:14-08:00,0,0
style.css,461,css,00000000,Not Committed Yet,2025-11-07,18:04:14,-08:00,2025-11-07T18:04:14-08:00,0,42
style.css,462,css,00000000,Not Committed Yet,2025-11-07,18:04:14,-08:00,2025-11-07T18:04:14-08:00,2,9
style.css,463,css,00000000,Not Committed Yet,2025-11-07,18:04:14,-08:00,2025-11-07T18:04:14-08:00,2,17
style.css,464,css,00000000,Not Committed Yet,2025-11-07,18:04:14,-08:00,2025-11-07T18:04:14-08:00,0,0
style.css,465,css,00000000,Not Committed Yet,2025-11-07,18:04:14,-08:00,2025-11-07T18:04:14-08:00,0,0
style.css,466,css,00000000,Not Committed Yet,2025-11-07,18:04:14,-08:00,2025-11-07T18:04:14-08:00,0,22
style.css,467,css,00000000,Not Committed Yet,2025-11-07,18:04:14,-08:00,2025-11-07T18:04:14-08:00,0,6
style.css,468,css,00000000,Not Committed Yet,2025-11-07,18:04:14,-08:00,2025-11-07T18:04:14-08:00,2,16
style.css,469,css,00000000,Not Committed Yet,2025-11-07,18:04:14,-08:00,2025-11-07T18:04:14-08:00,0,0
style.css,470,css,00000000,Not Committed Yet,2025-11-07,18:04:14,-08:00,2025-11-07T18:04:14-08:00,0,0
style.css,471,css,00000000,Not Committed Yet,2025-11-07,18:04:14,-08:00,2025-11-07T18:04:14-08:00,0,10
style.css,472,css,00000000,Not Committed Yet,2025-11-07,18:04:14,-08:00,2025-11-07T18:04:14-08:00,2,13
style.css,473,css,00000000,Not Committed Yet,2025-11-07,18:04:14,-08:00,2025-11-07T18:04:14-08:00,2,10
style.css,474,css,00000000,Not Committed Yet,2025-11-07,18:04:14,-08:00,2025-11-07T18:04:14-08:00,2,11
style.css,475,css,00000000,Not Committed Yet,2025-11-07,18:04:14,-08:00,2025-11-07T18:04:14-08:00,0,0
style.css,476,css,00000000,Not Committed Yet,2025-11-07,18:04:14,-08:00,2025-11-07T18:04:14-08:00,0,0
style.css,477,css,00000000,Not Committed Yet,2025-11-07,18:04:14,-08:00,2025-11-07T18:04:14-08:00,0,35
style.css,478,css,00000000,Not Committed Yet,2025-11-07,18:04:14,-08:00,2025-11-07T18:04:14-08:00,2,31
style.css,479,css,00000000,Not Committed Yet,2025-11-07,18:04:14,-08:00,2025-11-07T18:04:14-08:00,0,0
style.css,480,css,00000000,Not Committed Yet,2025-11-07,18:04:14,-08:00,2025-11-07T18:04:14-08:00,0,0
style.css,481,css,00000000,Not Committed Yet,2025-11-07,18:04:14,-08:00,2025-11-07T18:04:14-08:00,0,18
style.css,482,css,00000000,Not Committed Yet,2025-11-07,18:04:14,-08:00,2025-11-07T18:04:14-08:00,2,11
style.css,483,css,00000000,Not Committed Yet,2025-11-07,18:04:14,-08:00,2025-11-07T18:04:14-08:00,0,0
style.css,484,css,00000000,Not Committed Yet,2025-11-07,18:04:14,-08:00,2025-11-07T18:04:14-08:00,0,0
style.css,485,css,00000000,Not Committed Yet,2025-11-07,18:04:14,-08:00,2025-11-07T18:04:14-08:00,0,6
style.css,486,css,00000000,Not Committed Yet,2025-11-07,18:04:14,-08:00,2025-11-07T18:04:14-08:00,2,16
style.css,487,css,00000000,Not Committed Yet,2025-11-07,18:04:14,-08:00,2025-11-07T18:04:14-08:00,2,23
style.css,488,css,00000000,Not Committed Yet,2025-11-07,18:04:14,-08:00,2025-11-07T18:04:14-08:00,2,22
style.css,489,css,00000000,Not Committed Yet,2025-11-07,18:04:14,-08:00,2025-11-07T18:04:14-08:00,0,0
style.css,490,css,00000000,Not Committed Yet,2025-11-07,18:04:14,-08:00,2025-11-07T18:04:14-08:00,0,0
style.css,491,css,00000000,Not Committed Yet,2025-11-07,18:04:14,-08:00,2025-11-07T18:04:14-08:00,0,12
style.css,492,css,00000000,Not Committed Yet,2025-11-07,18:04:14,-08:00,2025-11-07T18:04:14-08:00,2,20
style.css,493,css,00000000,Not Committed Yet,2025-11-07,18:04:14,-08:00,2025-11-07T18:04:14-08:00,2,12
style.css,494,css,00000000,Not Committed Yet,2025-11-07,18:04:14,-08:00,2025-11-07T18:04:14-08:00,2,16
style.css,495,css,00000000,Not Committed Yet,2025-11-07,18:04:14,-08:00,2025-11-07T18:04:14-08:00,0,0
style.css,496,css,00000000,Not Committed Yet,2025-11-07,18:04:14,-08:00,2025-11-07T18:04:14-08:00,0,0
style.css,497,css,00000000,Not Committed Yet,2025-11-07,18:04:14,-08:00,2025-11-07T18:04:14-08:00,0,15
style.css,498,css,00000000,Not Committed Yet,2025-11-07,18:04:14,-08:00,2025-11-07T18:04:14-08:00,1,12
style.css,499,css,00000000,Not Committed Yet,2025-11-07,18:04:14,-08:00,2025-11-07T18:04:14-08:00,1,12
style.css,500,css,00000000,Not Committed Yet,2025-11-07,18:04:14,-08:00,2025-11-07T18:04:14-08:00,1,18
style.css,501,css,00000000,Not Committed Yet,2025-11-07,18:04:14,-08:00,2025-11-07T18:04:14-08:00,0,0
style.css,502,css,00000000,Not Committed Yet,2025-11-07,18:04:14,-08:00,2025-11-07T18:04:14-08:00,0,0
style.css,503,css,00000000,Not Committed Yet,2025-11-07,18:04:14,-08:00,2025-11-07T18:04:14-08:00,0,19
style.css,504,css,00000000,Not Committed Yet,2025-11-07,18:04:14,-08:00,2025-11-07T18:04:14-08:00,0,24
style.css,505,css,00000000,Not Committed Yet,2025-11-07,18:04:14,-08:00,2025-11-07T18:04:14-08:00,1,2
style.css,506,css,00000000,Not Committed Yet,2025-11-07,18:04:14,-08:00,2025-11-07T18:04:14-08:00,2,20
style.css,507,css,00000000,Not Committed Yet,2025-11-07,18:04:14,-08:00,2025-11-07T18:04:14-08:00,1,0
style.css,508,css,00000000,Not Committed Yet,2025-11-07,18:04:14,-08:00,2025-11-07T18:04:14-08:00,0,0
style.css,509,css,00000000,Not Committed Yet,2025-11-07,18:04:14,-08:00,2025-11-07T18:04:14-08:00,0,0
style.css,510,css,00000000,Not Committed Yet,2025-11-07,18:04:14,-08:00,2025-11-07T18:04:14-08:00,0,10
style.css,511,css,00000000,Not Committed Yet,2025-11-07,18:04:14,-08:00,2025-11-07T18:04:14-08:00,1,24
style.css,512,css,00000000,Not Committed Yet,2025-11-07,18:04:14,-08:00,2025-11-07T18:04:14-08:00,1,16
style.css,513,css,00000000,Not Committed Yet,2025-11-07,18:04:14,-08:00,2025-11-07T18:04:14-08:00,1,26
style.css,514,css,00000000,Not Committed Yet,2025-11-07,18:04:14,-08:00,2025-11-07T18:04:14-08:00,1,18
style.css,515,css,00000000,Not Committed Yet,2025-11-07,18:04:14,-08:00,2025-11-07T18:04:14-08:00,1,20
style.css,516,css,00000000,Not Committed Yet,2025-11-07,18:04:14,-08:00,2025-11-07T18:04:14-08:00,1,44
style.css,517,css,f8df5ab3,Wendy Du,2025-10-08,03:25:50,-07:00,2025-10-08T03:25:50-07:00,0,0
script.js,1,js,03aae9e,Wendy Du,2025-10-03,13:57:32,-07:00,2025-10-03T13:57:32-07:00,0,51
script.js,2,js,03aae9e,Wendy Du,2025-10-03,13:57:32,-07:00,2025-10-03T13:57:32-07:00,2,11
script.js,3,js,03aae9e,Wendy Du,2025-10-03,13:57:32,-07:00,2025-10-03T13:57:32-07:00,2,58
script.js,4,js,03aae9e,Wendy Du,2025-10-03,13:57:32,-07:00,2025-10-03T13:57:32-07:00,2,68
script.js,5,js,03aae9e,Wendy Du,2025-10-03,13:57:32,-07:00,2025-10-03T13:57:32-07:00,0,0
script.js,6,js,03aae9e,Wendy Du,2025-10-03,13:57:32,-07:00,2025-10-03T13:57:32-07:00,2,30
script.js,7,js,03aae9e,Wendy Du,2025-10-03,13:57:32,-07:00,2025-10-03T13:57:32-07:00,4,80
script.js,8,js,03aae9e,Wendy Du,2025-10-03,13:57:32,-07:00,2025-10-03T13:57:32-07:00,4,79
script.js,9,js,03aae9e,Wendy Du,2025-10-03,13:57:32,-07:00,2025-10-03T13:57:32-07:00,6,17
script.js,10,js,03aae9e,Wendy Du,2025-10-03,13:57:32,-07:00,2025-10-03T13:57:32-07:00,6,48
script.js,11,js,03aae9e,Wendy Du,2025-10-03,13:57:32,-07:00,2025-10-03T13:57:32-07:00,4,0
script.js,12,js,03aae9e,Wendy Du,2025-10-03,13:57:32,-07:00,2025-10-03T13:57:32-07:00,0,0
script.js,13,js,03aae9e,Wendy Du,2025-10-03,13:57:32,-07:00,2025-10-03T13:57:32-07:00,4,34
script.js,14,js,03aae9e,Wendy Du,2025-10-03,13:57:32,-07:00,2025-10-03T13:57:32-07:00,6,29
script.js,15,js,03aae9e,Wendy Du,2025-10-03,13:57:32,-07:00,2025-10-03T13:57:32-07:00,8,38
script.js,16,js,03aae9e,Wendy Du,2025-10-03,13:57:32,-07:00,2025-10-03T13:57:32-07:00,8,41
script.js,17,js,03aae9e,Wendy Du,2025-10-03,13:57:32,-07:00,2025-10-03T13:57:32-07:00,6,6
script.js,18,js,03aae9e,Wendy Du,2025-10-03,13:57:32,-07:00,2025-10-03T13:57:32-07:00,8,38
script.js,19,js,03aae9e,Wendy Du,2025-10-03,13:57:32,-07:00,2025-10-03T13:57:32-07:00,8,41
script.js,20,js,03aae9e,Wendy Du,2025-10-03,13:57:32,-07:00,2025-10-03T13:57:32-07:00,6,0
script.js,21,js,03aae9e,Wendy Du,2025-10-03,13:57:32,-07:00,2025-10-03T13:57:32-07:00,4,1
script.js,22,js,03aae9e,Wendy Du,2025-10-03,13:57:32,-07:00,2025-10-03T13:57:32-07:00,0,0
script.js,23,js,03aae9e,Wendy Du,2025-10-03,13:57:32,-07:00,2025-10-03T13:57:32-07:00,4,24
script.js,24,js,03aae9e,Wendy Du,2025-10-03,13:57:32,-07:00,2025-10-03T13:57:32-07:00,6,52
script.js,25,js,03aae9e,Wendy Du,2025-10-03,13:57:32,-07:00,2025-10-03T13:57:32-07:00,8,27
script.js,26,js,03aae9e,Wendy Du,2025-10-03,13:57:32,-07:00,2025-10-03T13:57:32-07:00,6,6
script.js,27,js,03aae9e,Wendy Du,2025-10-03,13:57:32,-07:00,2025-10-03T13:57:32-07:00,8,30
script.js,28,js,03aae9e,Wendy Du,2025-10-03,13:57:32,-07:00,2025-10-03T13:57:32-07:00,6,0
script.js,29,js,03aae9e,Wendy Du,2025-10-03,13:57:32,-07:00,2025-10-03T13:57:32-07:00,4,1
script.js,30,js,03aae9e,Wendy Du,2025-10-03,13:57:32,-07:00,2025-10-03T13:57:32-07:00,2,0
script.js,31,js,03aae9e,Wendy Du,2025-10-03,13:57:32,-07:00,2025-10-03T13:57:32-07:00,0,0
script.js,32,js,03aae9e,Wendy Du,2025-10-03,13:57:32,-07:00,2025-10-03T13:57:32-07:00,2,24
script.js,33,js,03aae9e,Wendy Du,2025-10-03,13:57:32,-07:00,2025-10-03T13:57:32-07:00,4,43
script.js,34,js,03aae9e,Wendy Du,2025-10-03,13:57:32,-07:00,2025-10-03T13:57:32-07:00,6,74
script.js,35,js,03aae9e,Wendy Du,2025-10-03,13:57:32,-07:00,2025-10-03T13:57:32-07:00,6,50
script.js,36,js,03aae9e,Wendy Du,2025-10-03,13:57:32,-07:00,2025-10-03T13:57:32-07:00,6,86
script.js,37,js,03aae9e,Wendy Du,2025-10-03,13:57:32,-07:00,2025-10-03T13:57:32-07:00,6,85
script.js,38,js,03aae9e,Wendy Du,2025-10-03,13:57:32,-07:00,2025-10-03T13:57:32-07:00,4,1
script.js,39,js,03aae9e,Wendy Du,2025-10-03,13:57:32,-07:00,2025-10-03T13:57:32-07:00,2,1
script.js,40,js,03aae9e,Wendy Du,2025-10-03,13:57:32,-07:00,2025-10-03T13:57:32-07:00,0,0
script.js,41,js,03aae9e,Wendy Du,2025-10-03,13:57:32,-07:00,2025-10-03T13:57:32-07:00,2,57
script.js,42,js,03aae9e,Wendy Du,2025-10-03,13:57:32,-07:00,2025-10-03T13:57:32-07:00,2,76
script.js,43,js,03aae9e,Wendy Du,2025-10-03,13:57:32,-07:00,2025-10-03T13:57:32-07:00,0,0
script.js,44,js,03aae9e,Wendy Du,2025-10-03,13:57:32,-07:00,2025-10-03T13:57:32-07:00,0,0
script.js,45,js,03aae9e,Wendy Du,2025-10-03,13:57:32,-07:00,2025-10-03T13:57:32-07:00,2,12
script.js,46,js,03aae9e,Wendy Du,2025-10-03,13:57:32,-07:00,2025-10-03T13:57:32-07:00,2,56
script.js,47,js,03aae9e,Wendy Du,2025-10-03,13:57:32,-07:00,2025-10-03T13:57:32-07:00,2,48
script.js,48,js,03aae9e,Wendy Du,2025-10-03,13:57:32,-07:00,2025-10-03T13:57:32-07:00,2,55
script.js,49,js,03aae9e,Wendy Du,2025-10-03,13:57:32,-07:00,2025-10-03T13:57:32-07:00,2,55
script.js,50,js,03aae9e,Wendy Du,2025-10-03,13:57:32,-07:00,2025-10-03T13:57:32-07:00,2,67
script.js,51,js,03aae9e,Wendy Du,2025-10-03,13:57:32,-07:00,2025-10-03T13:57:32-07:00,2,69
script.js,52,js,03aae9e,Wendy Du,2025-10-03,13:57:32,-07:00,2025-10-03T13:57:32-07:00,2,61
script.js,53,js,03aae9e,Wendy Du,2025-10-03,13:57:32,-07:00,2025-10-03T13:57:32-07:00,0,0
script.js,54,js,03aae9e,Wendy Du,2025-10-03,13:57:32,-07:00,2025-10-03T13:57:32-07:00,2,20
script.js,55,js,03aae9e,Wendy Du,2025-10-03,13:57:32,-07:00,2025-10-03T13:57:32-07:00,4,53
script.js,56,js,03aae9e,Wendy Du,2025-10-03,13:57:32,-07:00,2025-10-03T13:57:32-07:00,2,0
script.js,57,js,03aae9e,Wendy Du,2025-10-03,13:57:32,-07:00,2025-10-03T13:57:32-07:00,0,0
script.js,58,js,03aae9e,Wendy Du,2025-10-03,13:57:32,-07:00,2025-10-03T13:57:32-07:00,2,17
script.js,59,js,03aae9e,Wendy Du,2025-10-03,13:57:32,-07:00,2025-10-03T13:57:32-07:00,0,0
script.js,60,js,03aae9e,Wendy Du,2025-10-03,13:57:32,-07:00,2025-10-03T13:57:32-07:00,2,45
script.js,61,js,03aae9e,Wendy Du,2025-10-03,13:57:32,-07:00,2025-10-03T13:57:32-07:00,4,42
script.js,62,js,03aae9e,Wendy Du,2025-10-03,13:57:32,-07:00,2025-10-03T13:57:32-07:00,4,68
script.js,63,js,03aae9e,Wendy Du,2025-10-03,13:57:32,-07:00,2025-10-03T13:57:32-07:00,4,17
script.js,64,js,03aae9e,Wendy Du,2025-10-03,13:57:32,-07:00,2025-10-03T13:57:32-07:00,6,17
script.js,65,js,03aae9e,Wendy Du,2025-10-03,13:57:32,-07:00,2025-10-03T13:57:32-07:00,6,17
script.js,66,js,03aae9e,Wendy Du,2025-10-03,13:57:32,-07:00,2025-10-03T13:57:32-07:00,6,12
script.js,67,js,03aae9e,Wendy Du,2025-10-03,13:57:32,-07:00,2025-10-03T13:57:32-07:00,6,9
script.js,68,js,03aae9e,Wendy Du,2025-10-03,13:57:32,-07:00,2025-10-03T13:57:32-07:00,6,56
script.js,69,js,03aae9e,Wendy Du,2025-10-03,13:57:32,-07:00,2025-10-03T13:57:32-07:00,6,9
script.js,70,js,03aae9e,Wendy Du,2025-10-03,13:57:32,-07:00,2025-10-03T13:57:32-07:00,2,0
script.js,71,js,03aae9e,Wendy Du,2025-10-03,13:57:32,-07:00,2025-10-03T13:57:32-07:00,0,0
script.js,72,js,03aae9e,Wendy Du,2025-10-03,13:57:32,-07:00,2025-10-03T13:57:32-07:00,2,28
script.js,73,js,03aae9e,Wendy Du,2025-10-03,13:57:32,-07:00,2025-10-03T13:57:32-07:00,4,69
script.js,74,js,03aae9e,Wendy Du,2025-10-03,13:57:32,-07:00,2025-10-03T13:57:32-07:00,0,0
script.js,75,js,03aae9e,Wendy Du,2025-10-03,13:57:32,-07:00,2025-10-03T13:57:32-07:00,4,3
script.js,76,js,03aae9e,Wendy Du,2025-10-03,13:57:32,-07:00,2025-10-03T13:57:32-07:00,6,44
script.js,77,js,03aae9e,Wendy Du,2025-10-03,13:57:32,-07:00,2025-10-03T13:57:32-07:00,6,17
script.js,78,js,03aae9e,Wendy Du,2025-10-03,13:57:32,-07:00,2025-10-03T13:57:32-07:00,8,85
script.js,79,js,03aae9e,Wendy Du,2025-10-03,13:57:32,-07:00,2025-10-03T13:57:32-07:00,6,0
script.js,80,js,03aae9e,Wendy Du,2025-10-03,13:57:32,-07:00,2025-10-03T13:57:32-07:00,6,39
script.js,81,js,03aae9e,Wendy Du,2025-10-03,13:57:32,-07:00,2025-10-03T13:57:32-07:00,0,0
script.js,82,js,03aae9e,Wendy Du,2025-10-03,13:57:32,-07:00,2025-10-03T13:57:32-07:00,6,34
script.js,83,js,03aae9e,Wendy Du,2025-10-03,13:57:32,-07:00,2025-10-03T13:57:32-07:00,8,59
script.js,84,js,03aae9e,Wendy Du,2025-10-03,13:57:32,-07:00,2025-10-03T13:57:32-07:00,8,6
script.js,85,js,03aae9e,Wendy Du,2025-10-03,13:57:32,-07:00,2025-10-03T13:57:32-07:00,10,10
script.js,86,js,03aae9e,Wendy Du,2025-10-03,13:57:32,-07:00,2025-10-03T13:57:32-07:00,10,16
script.js,87,js,03aae9e,Wendy Du,2025-10-03,13:57:32,-07:00,2025-10-03T13:57:32-07:00,10,34
script.js,88,js,03aae9e,Wendy Du,2025-10-03,13:57:32,-07:00,2025-10-03T13:57:32-07:00,10,74
script.js,89,js,03aae9e,Wendy Du,2025-10-03,13:57:32,-07:00,2025-10-03T13:57:32-07:00,10,64
script.js,90,js,03aae9e,Wendy Du,2025-10-03,13:57:32,-07:00,2025-10-03T13:57:32-07:00,8,0
script.js,91,js,03aae9e,Wendy Du,2025-10-03,13:57:32,-07:00,2025-10-03T13:57:32-07:00,6,1
script.js,92,js,03aae9e,Wendy Du,2025-10-03,13:57:32,-07:00,2025-10-03T13:57:32-07:00,0,0
script.js,93,js,03aae9e,Wendy Du,2025-10-03,13:57:32,-07:00,2025-10-03T13:57:32-07:00,6,14
script.js,94,js,03aae9e,Wendy Du,2025-10-03,13:57:32,-07:00,2025-10-03T13:57:32-07:00,0,0
script.js,95,js,03aae9e,Wendy Du,2025-10-03,13:57:32,-07:00,2025-10-03T13:57:32-07:00,4,15
script.js,96,js,03aae9e,Wendy Du,2025-10-03,13:57:32,-07:00,2025-10-03T13:57:32-07:00,6,58
script.js,97,js,03aae9e,Wendy Du,2025-10-03,13:57:32,-07:00,2025-10-03T13:57:32-07:00,6,15
script.js,98,js,03aae9e,Wendy Du,2025-10-03,13:57:32,-07:00,2025-10-03T13:57:32-07:00,8,167
script.js,99,js,03aae9e,Wendy Du,2025-10-03,13:57:32,-07:00,2025-10-03T13:57:32-07:00,6,0
script.js,100,js,03aae9e,Wendy Du,2025-10-03,13:57:32,-07:00,2025-10-03T13:57:32-07:00,4,0
script.js,101,js,03aae9e,Wendy Du,2025-10-03,13:57:32,-07:00,2025-10-03T13:57:32-07:00,2,0
script.js,102,js,03aae9e,Wendy Du,2025-10-03,13:57:32,-07:00,2025-10-03T13:57:32-07:00,0,0
script.js,103,js,03aae9e,Wendy Du,2025-10-03,13:57:32,-07:00,2025-10-03T13:57:32-07:00,2,24
script.js,104,js,03aae9e,Wendy Du,2025-10-03,13:57:32,-07:00,2025-10-03T13:57:32-07:00,4,22
script.js,105,js,03aae9e,Wendy Du,2025-10-03,13:57:32,-07:00,2025-10-03T13:57:32-07:00,0,0
script.js,106,js,03aae9e,Wendy Du,2025-10-03,13:57:32,-07:00,2025-10-03T13:57:32-07:00,4,41
script.js,107,js,03aae9e,Wendy Du,2025-10-03,13:57:32,-07:00,2025-10-03T13:57:32-07:00,6,32
script.js,108,js,03aae9e,Wendy Du,2025-10-03,13:57:32,-07:00,2025-10-03T13:57:32-07:00,8,113
script.js,109,js,03aae9e,Wendy Du,2025-10-03,13:57:32,-07:00,2025-10-03T13:57:32-07:00,6,0
script.js,110,js,03aae9e,Wendy Du,2025-10-03,13:57:32,-07:00,2025-10-03T13:57:32-07:00,6,5
script.js,111,js,03aae9e,Wendy Du,2025-10-03,13:57:32,-07:00,2025-10-03T13:57:32-07:00,4,0
script.js,112,js,03aae9e,Wendy Du,2025-10-03,13:57:32,-07:00,2025-10-03T13:57:32-07:00,4,24
script.js,113,js,03aae9e,Wendy Du,2025-10-03,13:57:32,-07:00,2025-10-03T13:57:32-07:00,0,0
script.js,114,js,03aae9e,Wendy Du,2025-10-03,13:57:32,-07:00,2025-10-03T13:57:32-07:00,4,26
script.js,115,js,03aae9e,Wendy Du,2025-10-03,13:57:32,-07:00,2025-10-03T13:57:32-07:00,6,65
script.js,116,js,03aae9e,Wendy Du,2025-10-03,13:57:32,-07:00,2025-10-03T13:57:32-07:00,8,76
script.js,117,js,03aae9e,Wendy Du,2025-10-03,13:57:32,-07:00,2025-10-03T13:57:32-07:00,8,5
script.js,118,js,03aae9e,Wendy Du,2025-10-03,13:57:32,-07:00,2025-10-03T13:57:32-07:00,6,0
script.js,119,js,03aae9e,Wendy Du,2025-10-03,13:57:32,-07:00,2025-10-03T13:57:32-07:00,0,0
script.js,120,js,03aae9e,Wendy Du,2025-10-03,13:57:32,-07:00,2025-10-03T13:57:32-07:00,6,44
script.js,121,js,03aae9e,Wendy Du,2025-10-03,13:57:32,-07:00,2025-10-03T13:57:32-07:00,6,36
script.js,122,js,03aae9e,Wendy Du,2025-10-03,13:57:32,-07:00,2025-10-03T13:57:32-07:00,6,37
script.js,123,js,03aae9e,Wendy Du,2025-10-03,13:57:32,-07:00,2025-10-03T13:57:32-07:00,6,36
script.js,124,js,03aae9e,Wendy Du,2025-10-03,13:57:32,-07:00,2025-10-03T13:57:32-07:00,6,68
script.js,125,js,03aae9e,Wendy Du,2025-10-03,13:57:32,-07:00,2025-10-03T13:57:32-07:00,0,0
script.js,126,js,03aae9e,Wendy Du,2025-10-03,13:57:32,-07:00,2025-10-03T13:57:32-07:00,6,40
script.js,127,js,03aae9e,Wendy Du,2025-10-03,13:57:32,-07:00,2025-10-03T13:57:32-07:00,6,20
script.js,128,js,03aae9e,Wendy Du,2025-10-03,13:57:32,-07:00,2025-10-03T13:57:32-07:00,6,18
script.js,129,js,03aae9e,Wendy Du,2025-10-03,13:57:32,-07:00,2025-10-03T13:57:32-07:00,0,0
script.js,130,js,03aae9e,Wendy Du,2025-10-03,13:57:32,-07:00,2025-10-03T13:57:32-07:00,6,25
script.js,131,js,03aae9e,Wendy Du,2025-10-03,13:57:32,-07:00,2025-10-03T13:57:32-07:00,8,52
script.js,132,js,03aae9e,Wendy Du,2025-10-03,13:57:32,-07:00,2025-10-03T13:57:32-07:00,8,147
script.js,133,js,03aae9e,Wendy Du,2025-10-03,13:57:32,-07:00,2025-10-03T13:57:32-07:00,8,29
script.js,134,js,03aae9e,Wendy Du,2025-10-03,13:57:32,-07:00,2025-10-03T13:57:32-07:00,8,29
script.js,135,js,03aae9e,Wendy Du,2025-10-03,13:57:32,-07:00,2025-10-03T13:57:32-07:00,8,34
script.js,136,js,03aae9e,Wendy Du,2025-10-03,13:57:32,-07:00,2025-10-03T13:57:32-07:00,8,38
script.js,137,js,03aae9e,Wendy Du,2025-10-03,13:57:32,-07:00,2025-10-03T13:57:32-07:00,8,38
script.js,138,js,03aae9e,Wendy Du,2025-10-03,13:57:32,-07:00,2025-10-03T13:57:32-07:00,6,0
script.js,139,js,03aae9e,Wendy Du,2025-10-03,13:57:32,-07:00,2025-10-03T13:57:32-07:00,0,0
script.js,140,js,03aae9e,Wendy Du,2025-10-03,13:57:32,-07:00,2025-10-03T13:57:32-07:00,6,23
script.js,141,js,03aae9e,Wendy Du,2025-10-03,13:57:32,-07:00,2025-10-03T13:57:32-07:00,6,56
script.js,142,js,03aae9e,Wendy Du,2025-10-03,13:57:32,-07:00,2025-10-03T13:57:32-07:00,6,46
script.js,143,js,03aae9e,Wendy Du,2025-10-03,13:57:32,-07:00,2025-10-03T13:57:32-07:00,8,47
script.js,144,js,03aae9e,Wendy Du,2025-10-03,13:57:32,-07:00,2025-10-03T13:57:32-07:00,10,15
script.js,145,js,03aae9e,Wendy Du,2025-10-03,13:57:32,-07:00,2025-10-03T13:57:32-07:00,8,0
script.js,146,js,03aae9e,Wendy Du,2025-10-03,13:57:32,-07:00,2025-10-03T13:57:32-07:00,6,1
script.js,147,js,03aae9e,Wendy Du,2025-10-03,13:57:32,-07:00,2025-10-03T13:57:32-07:00,6,30
script.js,148,js,03aae9e,Wendy Du,2025-10-03,13:57:32,-07:00,2025-10-03T13:57:32-07:00,4,1
script.js,149,js,03aae9e,Wendy Du,2025-10-03,13:57:32,-07:00,2025-10-03T13:57:32-07:00,2,0
script.js,150,js,03aae9e,Wendy Du,2025-10-03,13:57:32,-07:00,2025-10-03T13:57:32-07:00,0,0
script.js,151,js,03aae9e,Wendy Du,2025-10-03,13:57:32,-07:00,2025-10-03T13:57:32-07:00,2,25
script.js,152,js,03aae9e,Wendy Du,2025-10-03,13:57:32,-07:00,2025-10-03T13:57:32-07:00,4,68
script.js,153,js,03aae9e,Wendy Du,2025-10-03,13:57:32,-07:00,2025-10-03T13:57:32-07:00,0,0
script.js,154,js,03aae9e,Wendy Du,2025-10-03,13:57:32,-07:00,2025-10-03T13:57:32-07:00,4,27
script.js,155,js,03aae9e,Wendy Du,2025-10-03,13:57:32,-07:00,2025-10-03T13:57:32-07:00,4,25
script.js,156,js,03aae9e,Wendy Du,2025-10-03,13:57:32,-07:00,2025-10-03T13:57:32-07:00,4,35
script.js,157,js,03aae9e,Wendy Du,2025-10-03,13:57:32,-07:00,2025-10-03T13:57:32-07:00,4,47
script.js,158,js,03aae9e,Wendy Du,2025-10-03,13:57:32,-07:00,2025-10-03T13:57:32-07:00,0,0
script.js,159,js,03aae9e,Wendy Du,2025-10-03,13:57:32,-07:00,2025-10-03T13:57:32-07:00,4,28
script.js,160,js,03aae9e,Wendy Du,2025-10-03,13:57:32,-07:00,2025-10-03T13:57:32-07:00,4,45
script.js,161,js,03aae9e,Wendy Du,2025-10-03,13:57:32,-07:00,2025-10-03T13:57:32-07:00,4,67
script.js,162,js,03aae9e,Wendy Du,2025-10-03,13:57:32,-07:00,2025-10-03T13:57:32-07:00,2,0
script.js,163,js,03aae9e,Wendy Du,2025-10-03,13:57:32,-07:00,2025-10-03T13:57:32-07:00,0,0
script.js,164,js,03aae9e,Wendy Du,2025-10-03,13:57:32,-07:00,2025-10-03T13:57:32-07:00,2,21
script.js,165,js,03aae9e,Wendy Du,2025-10-03,13:57:32,-07:00,2025-10-03T13:57:32-07:00,4,17
script.js,166,js,03aae9e,Wendy Du,2025-10-03,13:57:32,-07:00,2025-10-03T13:57:32-07:00,4,27
script.js,167,js,03aae9e,Wendy Du,2025-10-03,13:57:32,-07:00,2025-10-03T13:57:32-07:00,4,65
script.js,168,js,03aae9e,Wendy Du,2025-10-03,13:57:32,-07:00,2025-10-03T13:57:32-07:00,2,0
script.js,169,js,03aae9e,Wendy Du,2025-10-03,13:57:32,-07:00,2025-10-03T13:57:32-07:00,0,0
script.js,170,js,03aae9e,Wendy Du,2025-10-03,13:57:32,-07:00,2025-10-03T13:57:32-07:00,2,21
script.js,171,js,03aae9e,Wendy Du,2025-10-03,13:57:32,-07:00,2025-10-03T13:57:32-07:00,4,53
script.js,172,js,03aae9e,Wendy Du,2025-10-03,13:57:32,-07:00,2025-10-03T13:57:32-07:00,2,0
script.js,173,js,03aae9e,Wendy Du,2025-10-03,13:57:32,-07:00,2025-10-03T13:57:32-07:00,0,0
script.js,174,js,03aae9e,Wendy Du,2025-10-03,13:57:32,-07:00,2025-10-03T13:57:32-07:00,2,10
script.js,175,js,03aae9e,Wendy Du,2025-10-03,13:57:32,-07:00,2025-10-03T13:57:32-07:00,4,42
script.js,176,js,03aae9e,Wendy Du,2025-10-03,13:57:32,-07:00,2025-10-03T13:57:32-07:00,6,58
script.js,177,js,03aae9e,Wendy Du,2025-10-03,13:57:32,-07:00,2025-10-03T13:57:32-07:00,8,11
script.js,178,js,03aae9e,Wendy Du,2025-10-03,13:57:32,-07:00,2025-10-03T13:57:32-07:00,6,0
script.js,179,js,03aae9e,Wendy Du,2025-10-03,13:57:32,-07:00,2025-10-03T13:57:32-07:00,4,1
script.js,180,js,03aae9e,Wendy Du,2025-10-03,13:57:32,-07:00,2025-10-03T13:57:32-07:00,4,47
script.js,181,js,03aae9e,Wendy Du,2025-10-03,13:57:32,-07:00,2025-10-03T13:57:32-07:00,6,62
script.js,182,js,03aae9e,Wendy Du,2025-10-03,13:57:32,-07:00,2025-10-03T13:57:32-07:00,8,11
script.js,183,js,03aae9e,Wendy Du,2025-10-03,13:57:32,-07:00,2025-10-03T13:57:32-07:00,6,0
script.js,184,js,03aae9e,Wendy Du,2025-10-03,13:57:32,-07:00,2025-10-03T13:57:32-07:00,4,1
script.js,185,js,03aae9e,Wendy Du,2025-10-03,13:57:32,-07:00,2025-10-03T13:57:32-07:00,2,0
script.js,186,js,03aae9e,Wendy Du,2025-10-03,13:57:32,-07:00,2025-10-03T13:57:32-07:00,0,0
script.js,187,js,03aae9e,Wendy Du,2025-10-03,13:57:32,-07:00,2025-10-03T13:57:32-07:00,2,57
script.js,188,js,03aae9e,Wendy Du,2025-10-03,13:57:32,-07:00,2025-10-03T13:57:32-07:00,2,15
script.js,189,js,03aae9e,Wendy Du,2025-10-03,13:57:32,-07:00,2025-10-03T13:57:32-07:00,4,12
script.js,190,js,03aae9e,Wendy Du,2025-10-03,13:57:32,-07:00,2025-10-03T13:57:32-07:00,2,0
script.js,191,js,03aae9e,Wendy Du,2025-10-03,13:57:32,-07:00,2025-10-03T13:57:32-07:00,0,1
index.js,1,js,203ccded,Wendy Du,2025-10-24,17:23:05,-07:00,2025-10-24T17:23:05-07:00,0,71
index.js,2,js,203ccded,Wendy Du,2025-10-24,17:23:05,-07:00,2025-10-24T17:23:05-07:00,0,0
index.js,3,js,203ccded,Wendy Du,2025-10-24,17:23:05,-07:00,2025-10-24T17:23:05-07:00,0,28
index.js,4,js,203ccded,Wendy Du,2025-10-24,17:23:05,-07:00,2025-10-24T17:23:05-07:00,0,84
index.js,5,js,203ccded,Wendy Du,2025-10-24,17:23:05,-07:00,2025-10-24T17:23:05-07:00,0,60
index.js,6,js,203ccded,Wendy Du,2025-10-24,17:23:05,-07:00,2025-10-24T17:23:05-07:00,0,0
index.js,7,js,203ccded,Wendy Du,2025-10-24,17:23:05,-07:00,2025-10-24T17:23:05-07:00,0,31
index.js,8,js,203ccded,Wendy Du,2025-10-24,17:23:05,-07:00,2025-10-24T17:23:05-07:00,1,24
index.js,9,js,203ccded,Wendy Du,2025-10-24,17:23:05,-07:00,2025-10-24T17:23:05-07:00,4,2
index.js,10,js,203ccded,Wendy Du,2025-10-24,17:23:05,-07:00,2025-10-24T17:23:05-07:00,5,55
index.js,11,js,203ccded,Wendy Du,2025-10-24,17:23:05,-07:00,2025-10-24T17:23:05-07:00,5,55
index.js,12,js,203ccded,Wendy Du,2025-10-24,17:23:05,-07:00,2025-10-24T17:23:05-07:00,5,49
index.js,13,js,203ccded,Wendy Du,2025-10-24,17:23:05,-07:00,2025-10-24T17:23:05-07:00,5,49
index.js,14,js,203ccded,Wendy Du,2025-10-24,17:23:05,-07:00,2025-10-24T17:23:05-07:00,4,3
index.js,15,js,203ccded,Wendy Du,2025-10-24,17:23:05,-07:00,2025-10-24T17:23:05-07:00,2,0
index.js,16,js,203ccded,Wendy Du,2025-10-24,17:23:05,-07:00,2025-10-24T17:23:05-07:00,0,0
index.js,17,js,203ccded,Wendy Du,2025-10-24,17:23:05,-07:00,2025-10-24T17:23:05-07:00,0,0
index.js,18,js,203ccded,Wendy Du,2025-10-24,17:23:05,-07:00,2025-10-24T17:23:05-07:00,0,31
index.js,19,js,203ccded,Wendy Du,2025-10-24,17:23:05,-07:00,2025-10-24T17:23:05-07:00,0,54
index.js,20,js,203ccded,Wendy Du,2025-10-24,17:23:05,-07:00,2025-10-24T17:23:05-07:00,0,42
index.js,21,js,203ccded,Wendy Du,2025-10-24,17:23:05,-07:00,2025-10-24T17:23:05-07:00,0,60
index.js,22,js,203ccded,Wendy Du,2025-10-24,17:23:05,-07:00,2025-10-24T17:23:05-07:00,0,0
index.js,23,js,203ccded,Wendy Du,2025-10-24,17:23:05,-07:00,2025-10-24T17:23:05-07:00,0,40
index.js,24,js,203ccded,Wendy Du,2025-10-24,17:23:05,-07:00,2025-10-24T17:23:05-07:00,2,54
index.js,25,js,203ccded,Wendy Du,2025-10-24,17:23:05,-07:00,2025-10-24T17:23:05-07:00,0,0
index.html,1,html,03aae9e,Wendy Du,2025-10-03,13:57:32,-07:00,2025-10-03T13:57:32-07:00,0,13
index.html,2,html,03aae9e,Wendy Du,2025-10-03,13:57:32,-07:00,2025-10-03T13:57:32-07:00,0,14
index.html,3,html,03aae9e,Wendy Du,2025-10-03,13:57:32,-07:00,2025-10-03T13:57:32-07:00,0,4
index.html,4,html,03aae9e,Wendy Du,2025-10-03,13:57:32,-07:00,2025-10-03T13:57:32-07:00,2,20
index.html,5,html,03aae9e,Wendy Du,2025-10-03,13:57:32,-07:00,2025-10-03T13:57:32-07:00,2,68
index.html,6,html,03aae9e,Wendy Du,2025-10-03,13:57:32,-07:00,2025-10-03T13:57:32-07:00,2,50
index.html,7,html,03aae9e,Wendy Du,2025-10-03,13:57:32,-07:00,2025-10-03T13:57:32-07:00,2,38
index.html,8,html,a4812c11,Wendy Du,2025-10-15,16:30:42,-07:00,2025-10-15T16:30:42-07:00,2,45
index.html,9,html,03aae9e,Wendy Du,2025-10-03,13:57:32,-07:00,2025-10-03T13:57:32-07:00,0,5
index.html,10,html,03aae9e,Wendy Du,2025-10-03,13:57:32,-07:00,2025-10-03T13:57:32-07:00,0,4
index.html,11,html,80d50f2d,Wendy Du,2025-10-09,23:13:34,-07:00,2025-10-09T23:13:34-07:00,2,22
index.html,12,html,80d50f2d,Wendy Du,2025-10-09,23:13:34,-07:00,2025-10-09T23:13:34-07:00,4,15
index.html,13,html,80d50f2d,Wendy Du,2025-10-09,23:13:34,-07:00,2025-10-09T23:13:34-07:00,4,53
index.html,14,html,03aae9e,Wendy Du,2025-10-03,13:57:32,-07:00,2025-10-03T13:57:32-07:00,4,1
index.html,15,html,03aae9e,Wendy Du,2025-10-03,13:57:32,-07:00,2025-10-03T13:57:32-07:00,6,59
index.html,16,html,03aae9e,Wendy Du,2025-10-03,13:57:32,-07:00,2025-10-03T13:57:32-07:00,6,82
index.html,17,html,03aae9e,Wendy Du,2025-10-03,13:57:32,-07:00,2025-10-03T13:57:32-07:00,6,46
index.html,18,html,03aae9e,Wendy Du,2025-10-03,13:57:32,-07:00,2025-10-03T13:57:32-07:00,4,2
index.html,19,html,203ccded,Wendy Du,2025-10-24,17:23:05,-07:00,2025-10-24T17:23:05-07:00,2,0
index.html,20,html,203ccded,Wendy Du,2025-10-24,17:23:05,-07:00,2025-10-24T17:23:05-07:00,4,7
index.html,21,html,203ccded,Wendy Du,2025-10-24,17:23:05,-07:00,2025-10-24T17:23:05-07:00,6,19
index.html,22,html,203ccded,Wendy Du,2025-10-24,17:23:05,-07:00,2025-10-24T17:23:05-07:00,6,22
index.html,23,html,203ccded,Wendy Du,2025-10-24,17:23:05,-07:00,2025-10-24T17:23:05-07:00,8,53
index.html,24,html,203ccded,Wendy Du,2025-10-24,17:23:05,-07:00,2025-10-24T17:23:05-07:00,6,4
index.html,25,html,203ccded,Wendy Du,2025-10-24,17:23:05,-07:00,2025-10-24T17:23:05-07:00,4,8
index.html,26,html,203ccded,Wendy Du,2025-10-24,17:23:05,-07:00,2025-10-24T17:23:05-07:00,4,0
index.html,27,html,203ccded,Wendy Du,2025-10-24,17:23:05,-07:00,2025-10-24T17:23:05-07:00,4,7
index.html,28,html,203ccded,Wendy Du,2025-10-24,17:23:05,-07:00,2025-10-24T17:23:05-07:00,6,22
index.html,29,html,203ccded,Wendy Du,2025-10-24,17:23:05,-07:00,2025-10-24T17:23:05-07:00,6,20
index.html,30,html,203ccded,Wendy Du,2025-10-24,17:23:05,-07:00,2025-10-24T17:23:05-07:00,7,49
index.html,31,html,203ccded,Wendy Du,2025-10-24,17:23:05,-07:00,2025-10-24T17:23:05-07:00,6,4
index.html,32,html,203ccded,Wendy Du,2025-10-24,17:23:05,-07:00,2025-10-24T17:23:05-07:00,4,8
index.html,33,html,03aae9e,Wendy Du,2025-10-03,13:57:32,-07:00,2025-10-03T13:57:32-07:00,2,5
index.html,34,html,203ccded,Wendy Du,2025-10-24,17:23:05,-07:00,2025-10-24T17:23:05-07:00,0,0
index.html,35,html,203ccded,Wendy Du,2025-10-24,17:23:05,-07:00,2025-10-24T17:23:05-07:00,2,50
index.html,36,html,03aae9e,Wendy Du,2025-10-03,13:57:32,-07:00,2025-10-03T13:57:32-07:00,0,5
index.html,37,html,03aae9e,Wendy Du,2025-10-03,13:57:32,-07:00,2025-10-03T13:57:32-07:00,0,5
global.js,1,js,a4812c11,Wendy Du,2025-10-15,16:30:42,-07:00,2025-10-15T16:30:42-07:00,0,25
global.js,2,js,a4812c11,Wendy Du,2025-10-15,16:30:42,-07:00,2025-10-15T16:30:42-07:00,0,0
global.js,3,js,a4812c11,Wendy Du,2025-10-15,16:30:42,-07:00,2025-10-15T16:30:42-07:00,0,41
global.js,4,js,a4812c11,Wendy Du,2025-10-15,16:30:42,-07:00,2025-10-15T16:30:42-07:00,1,52
global.js,5,js,a4812c11,Wendy Du,2025-10-15,16:30:42,-07:00,2025-10-15T16:30:42-07:00,0,0
global.js,6,js,a4812c11,Wendy Du,2025-10-15,16:30:42,-07:00,2025-10-15T16:30:42-07:00,0,0
global.js,7,js,a4812c11,Wendy Du,2025-10-15,16:30:42,-07:00,2025-10-15T16:30:42-07:00,0,32
global.js,8,js,a4812c11,Wendy Du,2025-10-15,16:30:42,-07:00,2025-10-15T16:30:42-07:00,0,88
global.js,9,js,a4812c11,Wendy Du,2025-10-15,16:30:42,-07:00,2025-10-15T16:30:42-07:00,1,3
global.js,10,js,410ca14a,Wendy Du,2025-10-17,15:52:15,-07:00,2025-10-17T15:52:15-07:00,1,61
global.js,11,js,a4812c11,Wendy Du,2025-10-15,16:30:42,-07:00,2025-10-15T16:30:42-07:00,0,0
global.js,12,js,a4812c11,Wendy Du,2025-10-15,16:30:42,-07:00,2025-10-15T16:30:42-07:00,0,11
global.js,13,js,a4812c11,Wendy Du,2025-10-15,16:30:42,-07:00,2025-10-15T16:30:42-07:00,1,25
global.js,14,js,a4812c11,Wendy Du,2025-10-15,16:30:42,-07:00,2025-10-15T16:30:42-07:00,1,38
global.js,15,js,a4812c11,Wendy Du,2025-10-15,16:30:42,-07:00,2025-10-15T16:30:42-07:00,1,34
global.js,16,js,a4812c11,Wendy Du,2025-10-15,16:30:42,-07:00,2025-10-15T16:30:42-07:00,1,36
global.js,17,js,00000000,Not Committed Yet,2025-11-07,18:04:14,-08:00,2025-11-07T18:04:14-08:00,1,30
global.js,18,js,a4812c11,Wendy Du,2025-10-15,16:30:42,-07:00,2025-10-15T16:30:42-07:00,1,56
global.js,19,js,a4812c11,Wendy Du,2025-10-15,16:30:42,-07:00,2025-10-15T16:30:42-07:00,0,0
global.js,20,js,a4812c11,Wendy Du,2025-10-15,16:30:42,-07:00,2025-10-15T16:30:42-07:00,0,0
global.js,21,js,a4812c11,Wendy Du,2025-10-15,16:30:42,-07:00,2025-10-15T16:30:42-07:00,0,38
global.js,22,js,a4812c11,Wendy Du,2025-10-15,16:30:42,-07:00,2025-10-15T16:30:42-07:00,0,36
global.js,23,js,a4812c11,Wendy Du,2025-10-15,16:30:42,-07:00,2025-10-15T16:30:42-07:00,0,13
global.js,24,js,a4812c11,Wendy Du,2025-10-15,16:30:42,-07:00,2025-10-15T16:30:42-07:00,0,25
global.js,25,js,a4812c11,Wendy Du,2025-10-15,16:30:42,-07:00,2025-10-15T16:30:42-07:00,0,0
global.js,26,js,a4812c11,Wendy Du,2025-10-15,16:30:42,-07:00,2025-10-15T16:30:42-07:00,0,20
global.js,27,js,a4812c11,Wendy Du,2025-10-15,16:30:42,-07:00,2025-10-15T16:30:42-07:00,1,14
global.js,28,js,a4812c11,Wendy Du,2025-10-15,16:30:42,-07:00,2025-10-15T16:30:42-07:00,1,18
global.js,29,js,a4812c11,Wendy Du,2025-10-15,16:30:42,-07:00,2025-10-15T16:30:42-07:00,1,0
global.js,30,js,1b2772ce,Wendy Du,2025-10-17,15:44:22,-07:00,2025-10-17T15:44:22-07:00,1,46
global.js,31,js,a4812c11,Wendy Du,2025-10-15,16:30:42,-07:00,2025-10-15T16:30:42-07:00,1,52
global.js,32,js,a4812c11,Wendy Du,2025-10-15,16:30:42,-07:00,2025-10-15T16:30:42-07:00,0,0
global.js,33,js,a4812c11,Wendy Du,2025-10-15,16:30:42,-07:00,2025-10-15T16:30:42-07:00,1,34
global.js,34,js,a4812c11,Wendy Du,2025-10-15,16:30:42,-07:00,2025-10-15T16:30:42-07:00,1,11
global.js,35,js,a4812c11,Wendy Du,2025-10-15,16:30:42,-07:00,2025-10-15T16:30:42-07:00,1,20
global.js,36,js,a4812c11,Wendy Du,2025-10-15,16:30:42,-07:00,2025-10-15T16:30:42-07:00,1,0
global.js,37,js,a4812c11,Wendy Du,2025-10-15,16:30:42,-07:00,2025-10-15T16:30:42-07:00,1,23
global.js,38,js,a4812c11,Wendy Du,2025-10-15,16:30:42,-07:00,2025-10-15T16:30:42-07:00,1,90
global.js,39,js,a4812c11,Wendy Du,2025-10-15,16:30:42,-07:00,2025-10-15T16:30:42-07:00,0,0
global.js,40,js,a4812c11,Wendy Du,2025-10-15,16:30:42,-07:00,2025-10-15T16:30:42-07:00,1,33
global.js,41,js,a4812c11,Wendy Du,2025-10-15,16:30:42,-07:00,2025-10-15T16:30:42-07:00,1,29
global.js,42,js,a4812c11,Wendy Du,2025-10-15,16:30:42,-07:00,2025-10-15T16:30:42-07:00,2,18
global.js,43,js,a4812c11,Wendy Du,2025-10-15,16:30:42,-07:00,2025-10-15T16:30:42-07:00,2,28
global.js,44,js,a4812c11,Wendy Du,2025-10-15,16:30:42,-07:00,2025-10-15T16:30:42-07:00,1,0
global.js,45,js,a4812c11,Wendy Du,2025-10-15,16:30:42,-07:00,2025-10-15T16:30:42-07:00,1,0
global.js,46,js,a4812c11,Wendy Du,2025-10-15,16:30:42,-07:00,2025-10-15T16:30:42-07:00,1,36
global.js,47,js,a4812c11,Wendy Du,2025-10-15,16:30:42,-07:00,2025-10-15T16:30:42-07:00,1,11
global.js,48,js,a4812c11,Wendy Du,2025-10-15,16:30:42,-07:00,2025-10-15T16:30:42-07:00,1,12
global.js,49,js,a4812c11,Wendy Du,2025-10-15,16:30:42,-07:00,2025-10-15T16:30:42-07:00,0,0
global.js,50,js,a4812c11,Wendy Du,2025-10-15,16:30:42,-07:00,2025-10-15T16:30:42-07:00,0,0
global.js,51,js,1b2772ce,Wendy Du,2025-10-17,15:44:22,-07:00,2025-10-17T15:44:22-07:00,0,23
global.js,52,js,a4812c11,Wendy Du,2025-10-15,16:30:42,-07:00,2025-10-15T16:30:42-07:00,0,31
global.js,53,js,a4812c11,Wendy Du,2025-10-15,16:30:42,-07:00,2025-10-15T16:30:42-07:00,1,11
global.js,54,js,a4812c11,Wendy Du,2025-10-15,16:30:42,-07:00,2025-10-15T16:30:42-07:00,1,0
global.js,55,js,a4812c11,Wendy Du,2025-10-15,16:30:42,-07:00,2025-10-15T16:30:42-07:00,0,26
global.js,56,js,a4812c11,Wendy Du,2025-10-15,16:30:42,-07:00,2025-10-15T16:30:42-07:00,0,4
global.js,57,js,a4812c11,Wendy Du,2025-10-15,16:30:42,-07:00,2025-10-15T16:30:42-07:00,0,6
global.js,58,js,a4812c11,Wendy Du,2025-10-15,16:30:42,-07:00,2025-10-15T16:30:42-07:00,0,43
global.js,59,js,a4812c11,Wendy Du,2025-10-15,16:30:42,-07:00,2025-10-15T16:30:42-07:00,0,34
global.js,60,js,a4812c11,Wendy Du,2025-10-15,16:30:42,-07:00,2025-10-15T16:30:42-07:00,0,32
global.js,61,js,a4812c11,Wendy Du,2025-10-15,16:30:42,-07:00,2025-10-15T16:30:42-07:00,0,7
global.js,62,js,a4812c11,Wendy Du,2025-10-15,16:30:42,-07:00,2025-10-15T16:30:42-07:00,0,8
global.js,63,js,a4812c11,Wendy Du,2025-10-15,16:30:42,-07:00,2025-10-15T16:30:42-07:00,0,0
global.js,64,js,a4812c11,Wendy Du,2025-10-15,16:30:42,-07:00,2025-10-15T16:30:42-07:00,0,0
global.js,65,js,a4812c11,Wendy Du,2025-10-15,16:30:42,-07:00,2025-10-15T16:30:42-07:00,0,71
global.js,66,js,a4812c11,Wendy Du,2025-10-15,16:30:42,-07:00,2025-10-15T16:30:42-07:00,0,0
global.js,67,js,a4812c11,Wendy Du,2025-10-15,16:30:42,-07:00,2025-10-15T16:30:42-07:00,0,36
global.js,68,js,a4812c11,Wendy Du,2025-10-15,16:30:42,-07:00,2025-10-15T16:30:42-07:00,2,70
global.js,69,js,a4812c11,Wendy Du,2025-10-15,16:30:42,-07:00,2025-10-15T16:30:42-07:00,2,37
global.js,70,js,a4812c11,Wendy Du,2025-10-15,16:30:42,-07:00,2025-10-15T16:30:42-07:00,2,22
global.js,71,js,a4812c11,Wendy Du,2025-10-15,16:30:42,-07:00,2025-10-15T16:30:42-07:00,4,36
global.js,72,js,a4812c11,Wendy Du,2025-10-15,16:30:42,-07:00,2025-10-15T16:30:42-07:00,2,0
global.js,73,js,a4812c11,Wendy Du,2025-10-15,16:30:42,-07:00,2025-10-15T16:30:42-07:00,0,0
global.js,74,js,a4812c11,Wendy Du,2025-10-15,16:30:42,-07:00,2025-10-15T16:30:42-07:00,0,0
global.js,75,js,1b2772ce,Wendy Du,2025-10-17,15:44:22,-07:00,2025-10-17T15:44:22-07:00,0,31
global.js,76,js,a4812c11,Wendy Du,2025-10-15,16:30:42,-07:00,2025-10-15T16:30:42-07:00,0,34
global.js,77,js,a4812c11,Wendy Du,2025-10-15,16:30:42,-07:00,2025-10-15T16:30:42-07:00,2,39
global.js,78,js,a4812c11,Wendy Du,2025-10-15,16:30:42,-07:00,2025-10-15T16:30:42-07:00,0,0
global.js,79,js,a4812c11,Wendy Du,2025-10-15,16:30:42,-07:00,2025-10-15T16:30:42-07:00,0,0
global.js,80,js,1b2772ce,Wendy Du,2025-10-17,15:44:22,-07:00,2025-10-17T15:44:22-07:00,0,37
global.js,81,js,a4812c11,Wendy Du,2025-10-15,16:30:42,-07:00,2025-10-15T16:30:42-07:00,0,61
global.js,82,js,a4812c11,Wendy Du,2025-10-15,16:30:42,-07:00,2025-10-15T16:30:42-07:00,1,33
global.js,83,js,a4812c11,Wendy Du,2025-10-15,16:30:42,-07:00,2025-10-15T16:30:42-07:00,0,1
global.js,84,js,a4812c11,Wendy Du,2025-10-15,16:30:42,-07:00,2025-10-15T16:30:42-07:00,0,0
global.js,85,js,a4812c11,Wendy Du,2025-10-15,16:30:42,-07:00,2025-10-15T16:30:42-07:00,0,0
global.js,86,js,a4812c11,Wendy Du,2025-10-15,16:30:42,-07:00,2025-10-15T16:30:42-07:00,0,37
global.js,87,js,a4812c11,Wendy Du,2025-10-15,16:30:42,-07:00,2025-10-15T16:30:42-07:00,0,54
global.js,88,js,a4812c11,Wendy Du,2025-10-15,16:30:42,-07:00,2025-10-15T16:30:42-07:00,0,0
global.js,89,js,a4812c11,Wendy Du,2025-10-15,16:30:42,-07:00,2025-10-15T16:30:42-07:00,0,50
global.js,90,js,a4812c11,Wendy Du,2025-10-15,16:30:42,-07:00,2025-10-15T16:30:42-07:00,2,21
global.js,91,js,a4812c11,Wendy Du,2025-10-15,16:30:42,-07:00,2025-10-15T16:30:42-07:00,1,0
global.js,92,js,a4812c11,Wendy Du,2025-10-15,16:30:42,-07:00,2025-10-15T16:30:42-07:00,2,37
global.js,93,js,1b2772ce,Wendy Du,2025-10-17,15:44:22,-07:00,2025-10-17T15:44:22-07:00,2,74
global.js,94,js,a4812c11,Wendy Du,2025-10-15,16:30:42,-07:00,2025-10-15T16:30:42-07:00,1,0
global.js,95,js,a4812c11,Wendy Du,2025-10-15,16:30:42,-07:00,2025-10-15T16:30:42-07:00,2,33
global.js,96,js,a4812c11,Wendy Du,2025-10-15,16:30:42,-07:00,2025-10-15T16:30:42-07:00,3,25
global.js,97,js,a4812c11,Wendy Du,2025-10-15,16:30:42,-07:00,2025-10-15T16:30:42-07:00,2,0
global.js,98,js,a4812c11,Wendy Du,2025-10-15,16:30:42,-07:00,2025-10-15T16:30:42-07:00,1,0
global.js,99,js,a4812c11,Wendy Du,2025-10-15,16:30:42,-07:00,2025-10-15T16:30:42-07:00,2,53
global.js,100,js,a4812c11,Wendy Du,2025-10-15,16:30:42,-07:00,2025-10-15T16:30:42-07:00,2,18
global.js,101,js,203ccded,Wendy Du,2025-10-24,17:23:05,-07:00,2025-10-24T17:23:05-07:00,0,1
global.js,102,js,203ccded,Wendy Du,2025-10-24,17:23:05,-07:00,2025-10-24T17:23:05-07:00,0,0
global.js,103,js,203ccded,Wendy Du,2025-10-24,17:23:05,-07:00,2025-10-24T17:23:05-07:00,0,44
global.js,104,js,203ccded,Wendy Du,2025-10-24,17:23:05,-07:00,2025-10-24T17:23:05-07:00,0,36
global.js,105,js,203ccded,Wendy Du,2025-10-24,17:23:05,-07:00,2025-10-24T17:23:05-07:00,1,3
global.js,106,js,203ccded,Wendy Du,2025-10-24,17:23:05,-07:00,2025-10-24T17:23:05-07:00,2,32
global.js,107,js,203ccded,Wendy Du,2025-10-24,17:23:05,-07:00,2025-10-24T17:23:05-07:00,2,17
global.js,108,js,203ccded,Wendy Du,2025-10-24,17:23:05,-07:00,2025-10-24T17:23:05-07:00,3,57
global.js,109,js,203ccded,Wendy Du,2025-10-24,17:23:05,-07:00,2025-10-24T17:23:05-07:00,2,0
global.js,110,js,203ccded,Wendy Du,2025-10-24,17:23:05,-07:00,2025-10-24T17:23:05-07:00,2,33
global.js,111,js,203ccded,Wendy Du,2025-10-24,17:23:05,-07:00,2025-10-24T17:23:05-07:00,2,10
global.js,112,js,203ccded,Wendy Du,2025-10-24,17:23:05,-07:00,2025-10-24T17:23:05-07:00,1,15
global.js,113,js,203ccded,Wendy Du,2025-10-24,17:23:05,-07:00,2025-10-24T17:23:05-07:00,2,59
global.js,114,js,203ccded,Wendy Du,2025-10-24,17:23:05,-07:00,2025-10-24T17:23:05-07:00,2,10
global.js,115,js,203ccded,Wendy Du,2025-10-24,17:23:05,-07:00,2025-10-24T17:23:05-07:00,1,0
global.js,116,js,203ccded,Wendy Du,2025-10-24,17:23:05,-07:00,2025-10-24T17:23:05-07:00,0,0
global.js,117,js,203ccded,Wendy Du,2025-10-24,17:23:05,-07:00,2025-10-24T17:23:05-07:00,0,0
global.js,118,js,263015e7,Wendy Du,2025-10-29,23:46:27,-07:00,2025-10-29T23:46:27-07:00,0,74
global.js,119,js,203ccded,Wendy Du,2025-10-24,17:23:05,-07:00,2025-10-24T17:23:05-07:00,0,79
global.js,120,js,203ccded,Wendy Du,2025-10-24,17:23:05,-07:00,2025-10-24T17:23:05-07:00,1,22
global.js,121,js,203ccded,Wendy Du,2025-10-24,17:23:05,-07:00,2025-10-24T17:23:05-07:00,2,70
global.js,122,js,203ccded,Wendy Du,2025-10-24,17:23:05,-07:00,2025-10-24T17:23:05-07:00,2,5
global.js,123,js,203ccded,Wendy Du,2025-10-24,17:23:05,-07:00,2025-10-24T17:23:05-07:00,1,0
global.js,124,js,203ccded,Wendy Du,2025-10-24,17:23:05,-07:00,2025-10-24T17:23:05-07:00,1,30
global.js,125,js,203ccded,Wendy Du,2025-10-24,17:23:05,-07:00,2025-10-24T17:23:05-07:00,0,0
global.js,126,js,203ccded,Wendy Du,2025-10-24,17:23:05,-07:00,2025-10-24T17:23:05-07:00,1,39
global.js,127,js,203ccded,Wendy Du,2025-10-24,17:23:05,-07:00,2025-10-24T17:23:05-07:00,2,60
global.js,128,js,203ccded,Wendy Du,2025-10-24,17:23:05,-07:00,2025-10-24T17:23:05-07:00,2,5
global.js,129,js,203ccded,Wendy Du,2025-10-24,17:23:05,-07:00,2025-10-24T17:23:05-07:00,1,0
global.js,130,js,203ccded,Wendy Du,2025-10-24,17:23:05,-07:00,2025-10-24T17:23:05-07:00,0,0
global.js,131,js,203ccded,Wendy Du,2025-10-24,17:23:05,-07:00,2025-10-24T17:23:05-07:00,1,31
global.js,132,js,203ccded,Wendy Du,2025-10-24,17:23:05,-07:00,2025-10-24T17:23:05-07:00,2,48
global.js,133,js,203ccded,Wendy Du,2025-10-24,17:23:05,-07:00,2025-10-24T17:23:05-07:00,2,0
global.js,134,js,203ccded,Wendy Du,2025-10-24,17:23:05,-07:00,2025-10-24T17:23:05-07:00,2,85
global.js,135,js,203ccded,Wendy Du,2025-10-24,17:23:05,-07:00,2025-10-24T17:23:05-07:00,2,0
global.js,136,js,203ccded,Wendy Du,2025-10-24,17:23:05,-07:00,2025-10-24T17:23:05-07:00,2,19
global.js,137,js,203ccded,Wendy Du,2025-10-24,17:23:05,-07:00,2025-10-24T17:23:05-07:00,4,49
global.js,138,js,203ccded,Wendy Du,2025-10-24,17:23:05,-07:00,2025-10-24T17:23:05-07:00,4,58
global.js,139,js,263015e7,Wendy Du,2025-10-29,23:46:27,-07:00,2025-10-29T23:46:27-07:00,4,3
global.js,140,js,263015e7,Wendy Du,2025-10-29,23:46:27,-07:00,2025-10-29T23:46:27-07:00,6,27
global.js,141,js,263015e7,Wendy Du,2025-10-29,23:46:27,-07:00,2025-10-29T23:46:27-07:00,6,47
global.js,142,js,263015e7,Wendy Du,2025-10-29,23:46:27,-07:00,2025-10-29T23:46:27-07:00,4,4
global.js,143,js,203ccded,Wendy Du,2025-10-24,17:23:05,-07:00,2025-10-24T17:23:05-07:00,2,0
global.js,144,js,203ccded,Wendy Du,2025-10-24,17:23:05,-07:00,2025-10-24T17:23:05-07:00,2,36
global.js,145,js,203ccded,Wendy Du,2025-10-24,17:23:05,-07:00,2025-10-24T17:23:05-07:00,1,0
global.js,146,js,203ccded,Wendy Du,2025-10-24,17:23:05,-07:00,2025-10-24T17:23:05-07:00,0,0
global.js,147,js,203ccded,Wendy Du,2025-10-24,17:23:05,-07:00,2025-10-24T17:23:05-07:00,0,0
global.js,148,js,203ccded,Wendy Du,2025-10-24,17:23:05,-07:00,2025-10-24T17:23:05-07:00,0,46
global.js,149,js,203ccded,Wendy Du,2025-10-24,17:23:05,-07:00,2025-10-24T17:23:05-07:00,0,47
global.js,150,js,203ccded,Wendy Du,2025-10-24,17:23:05,-07:00,2025-10-24T17:23:05-07:00,1,59
global.js,151,js,203ccded,Wendy Du,2025-10-24,17:23:05,-07:00,2025-10-24T17:23:05-07:00,0,0
context.html,1,html,03aae9e,Wendy Du,2025-10-03,13:57:32,-07:00,2025-10-03T13:57:32-07:00,0,3405
context.html,2,html,03aae9e,Wendy Du,2025-10-03,13:57:32,-07:00,2025-10-03T13:57:32-07:00,14,40
context.html,3,html,03aae9e,Wendy Du,2025-10-03,13:57:32,-07:00,2025-10-03T13:57:32-07:00,14,41
context.html,4,html,03aae9e,Wendy Du,2025-10-03,13:57:32,-07:00,2025-10-03T13:57:32-07:00,14,21
context.html,5,html,03aae9e,Wendy Du,2025-10-03,13:57:32,-07:00,2025-10-03T13:57:32-07:00,0,0
context.html,6,html,03aae9e,Wendy Du,2025-10-03,13:57:32,-07:00,2025-10-03T13:57:32-07:00,14,31
context.html,7,html,03aae9e,Wendy Du,2025-10-03,13:57:32,-07:00,2025-10-03T13:57:32-07:00,0,0
context.html,8,html,03aae9e,Wendy Du,2025-10-03,13:57:32,-07:00,2025-10-03T13:57:32-07:00,14,56
context.html,9,html,03aae9e,Wendy Du,2025-10-03,13:57:32,-07:00,2025-10-03T13:57:32-07:00,14,71
context.html,10,html,03aae9e,Wendy Du,2025-10-03,13:57:32,-07:00,2025-10-03T13:57:32-07:00,14,67
context.html,11,html,03aae9e,Wendy Du,2025-10-03,13:57:32,-07:00,2025-10-03T13:57:32-07:00,14,80
context.html,12,html,03aae9e,Wendy Du,2025-10-03,13:57:32,-07:00,2025-10-03T13:57:32-07:00,14,53
context.html,13,html,03aae9e,Wendy Du,2025-10-03,13:57:32,-07:00,2025-10-03T13:57:32-07:00,12,797
context.html,14,html,03aae9e,Wendy Du,2025-10-03,13:57:32,-07:00,2025-10-03T13:57:32-07:00,0,53
context.html,15,html,03aae9e,Wendy Du,2025-10-03,13:57:32,-07:00,2025-10-03T13:57:32-07:00,0,140
context.html,16,html,03aae9e,Wendy Du,2025-10-03,13:57:32,-07:00,2025-10-03T13:57:32-07:00,0,30
context.html,17,html,03aae9e,Wendy Du,2025-10-03,13:57:32,-07:00,2025-10-03T13:57:32-07:00,0,39
context.html,18,html,03aae9e,Wendy Du,2025-10-03,13:57:32,-07:00,2025-10-03T13:57:32-07:00,0,35
context.html,19,html,03aae9e,Wendy Du,2025-10-03,13:57:32,-07:00,2025-10-03T13:57:32-07:00,0,122
context.html,20,html,03aae9e,Wendy Du,2025-10-03,13:57:32,-07:00,2025-10-03T13:57:32-07:00,0,40
context.html,21,html,03aae9e,Wendy Du,2025-10-03,13:57:32,-07:00,2025-10-03T13:57:32-07:00,0,130
context.html,22,html,03aae9e,Wendy Du,2025-10-03,13:57:32,-07:00,2025-10-03T13:57:32-07:00,0,78
context.html,23,html,03aae9e,Wendy Du,2025-10-03,13:57:32,-07:00,2025-10-03T13:57:32-07:00,0,41
context.html,24,html,03aae9e,Wendy Du,2025-10-03,13:57:32,-07:00,2025-10-03T13:57:32-07:00,0,77
context.html,25,html,03aae9e,Wendy Du,2025-10-03,13:57:32,-07:00,2025-10-03T13:57:32-07:00,0,237
context.html,26,html,03aae9e,Wendy Du,2025-10-03,13:57:32,-07:00,2025-10-03T13:57:32-07:00,0,43
context.html,27,html,03aae9e,Wendy Du,2025-10-03,13:57:32,-07:00,2025-10-03T13:57:32-07:00,0,78
context.html,28,html,03aae9e,Wendy Du,2025-10-03,13:57:32,-07:00,2025-10-03T13:57:32-07:00,0,378
context.html,29,html,03aae9e,Wendy Du,2025-10-03,13:57:32,-07:00,2025-10-03T13:57:32-07:00,0,50
context.html,30,html,03aae9e,Wendy Du,2025-10-03,13:57:32,-07:00,2025-10-03T13:57:32-07:00,0,62
context.html,31,html,03aae9e,Wendy Du,2025-10-03,13:57:32,-07:00,2025-10-03T13:57:32-07:00,0,80
context.html,32,html,03aae9e,Wendy Du,2025-10-03,13:57:32,-07:00,2025-10-03T13:57:32-07:00,0,35
context.html,33,html,03aae9e,Wendy Du,2025-10-03,13:57:32,-07:00,2025-10-03T13:57:32-07:00,0,68
context.html,34,html,03aae9e,Wendy Du,2025-10-03,13:57:32,-07:00,2025-10-03T13:57:32-07:00,0,67
context.html,35,html,03aae9e,Wendy Du,2025-10-03,13:57:32,-07:00,2025-10-03T13:57:32-07:00,0,30
context.html,36,html,03aae9e,Wendy Du,2025-10-03,13:57:32,-07:00,2025-10-03T13:57:32-07:00,0,65
context.html,37,html,03aae9e,Wendy Du,2025-10-03,13:57:32,-07:00,2025-10-03T13:57:32-07:00,0,99
context.html,38,html,03aae9e,Wendy Du,2025-10-03,13:57:32,-07:00,2025-10-03T13:57:32-07:00,0,50
context.html,39,html,03aae9e,Wendy Du,2025-10-03,13:57:32,-07:00,2025-10-03T13:57:32-07:00,0,104
context.html,40,html,03aae9e,Wendy Du,2025-10-03,13:57:32,-07:00,2025-10-03T13:57:32-07:00,0,106
context.html,41,html,03aae9e,Wendy Du,2025-10-03,13:57:32,-07:00,2025-10-03T13:57:32-07:00,0,78
context.html,42,html,03aae9e,Wendy Du,2025-10-03,13:57:32,-07:00,2025-10-03T13:57:32-07:00,0,44
context.html,43,html,03aae9e,Wendy Du,2025-10-03,13:57:32,-07:00,2025-10-03T13:57:32-07:00,0,38
context.html,44,html,03aae9e,Wendy Du,2025-10-03,13:57:32,-07:00,2025-10-03T13:57:32-07:00,0,73
context.html,45,html,03aae9e,Wendy Du,2025-10-03,13:57:32,-07:00,2025-10-03T13:57:32-07:00,0,155
context.html,46,html,03aae9e,Wendy Du,2025-10-03,13:57:32,-07:00,2025-10-03T13:57:32-07:00,0,40
context.html,47,html,03aae9e,Wendy Du,2025-10-03,13:57:32,-07:00,2025-10-03T13:57:32-07:00,0,51
context.html,48,html,03aae9e,Wendy Du,2025-10-03,13:57:32,-07:00,2025-10-03T13:57:32-07:00,0,61
context.html,49,html,03aae9e,Wendy Du,2025-10-03,13:57:32,-07:00,2025-10-03T13:57:32-07:00,0,231
context.html,50,html,03aae9e,Wendy Du,2025-10-03,13:57:32,-07:00,2025-10-03T13:57:32-07:00,0,55
context.html,51,html,03aae9e,Wendy Du,2025-10-03,13:57:32,-07:00,2025-10-03T13:57:32-07:00,0,32
context.html,52,html,03aae9e,Wendy Du,2025-10-03,13:57:32,-07:00,2025-10-03T13:57:32-07:00,0,77
context.html,53,html,03aae9e,Wendy Du,2025-10-03,13:57:32,-07:00,2025-10-03T13:57:32-07:00,0,77
context.html,54,html,03aae9e,Wendy Du,2025-10-03,13:57:32,-07:00,2025-10-03T13:57:32-07:00,0,309
context.html,55,html,03aae9e,Wendy Du,2025-10-03,13:57:32,-07:00,2025-10-03T13:57:32-07:00,0,549
context.html,56,html,03aae9e,Wendy Du,2025-10-03,13:57:32,-07:00,2025-10-03T13:57:32-07:00,0,237
context.html,57,html,03aae9e,Wendy Du,2025-10-03,13:57:32,-07:00,2025-10-03T13:57:32-07:00,0,329
context.html,58,html,03aae9e,Wendy Du,2025-10-03,13:57:32,-07:00,2025-10-03T13:57:32-07:00,0,82
context.html,59,html,03aae9e,Wendy Du,2025-10-03,13:57:32,-07:00,2025-10-03T13:57:32-07:00,0,444
context.html,60,html,03aae9e,Wendy Du,2025-10-03,13:57:32,-07:00,2025-10-03T13:57:32-07:00,0,80
context.html,61,html,03aae9e,Wendy Du,2025-10-03,13:57:32,-07:00,2025-10-03T13:57:32-07:00,0,301
context.html,62,html,03aae9e,Wendy Du,2025-10-03,13:57:32,-07:00,2025-10-03T13:57:32-07:00,0,78
context.html,63,html,03aae9e,Wendy Du,2025-10-03,13:57:32,-07:00,2025-10-03T13:57:32-07:00,0,78
context.html,64,html,03aae9e,Wendy Du,2025-10-03,13:57:32,-07:00,2025-10-03T13:57:32-07:00,0,79
context.html,65,html,03aae9e,Wendy Du,2025-10-03,13:57:32,-07:00,2025-10-03T13:57:32-07:00,0,104
context.html,66,html,03aae9e,Wendy Du,2025-10-03,13:57:32,-07:00,2025-10-03T13:57:32-07:00,0,108
context.html,67,html,03aae9e,Wendy Du,2025-10-03,13:57:32,-07:00,2025-10-03T13:57:32-07:00,0,183
context.html,68,html,03aae9e,Wendy Du,2025-10-03,13:57:32,-07:00,2025-10-03T13:57:32-07:00,0,87
context.html,69,html,03aae9e,Wendy Du,2025-10-03,13:57:32,-07:00,2025-10-03T13:57:32-07:00,0,370
context.html,70,html,03aae9e,Wendy Du,2025-10-03,13:57:32,-07:00,2025-10-03T13:57:32-07:00,0,110
context.html,71,html,03aae9e,Wendy Du,2025-10-03,13:57:32,-07:00,2025-10-03T13:57:32-07:00,0,569
context.html,72,html,03aae9e,Wendy Du,2025-10-03,13:57:32,-07:00,2025-10-03T13:57:32-07:00,0,363
context.html,73,html,03aae9e,Wendy Du,2025-10-03,13:57:32,-07:00,2025-10-03T13:57:32-07:00,0,305
context.html,74,html,03aae9e,Wendy Du,2025-10-03,13:57:32,-07:00,2025-10-03T13:57:32-07:00,0,78
context.html,75,html,03aae9e,Wendy Du,2025-10-03,13:57:32,-07:00,2025-10-03T13:57:32-07:00,0,779
context.html,76,html,03aae9e,Wendy Du,2025-10-03,13:57:32,-07:00,2025-10-03T13:57:32-07:00,0,177
context.html,77,html,03aae9e,Wendy Du,2025-10-03,13:57:32,-07:00,2025-10-03T13:57:32-07:00,0,80
context.html,78,html,03aae9e,Wendy Du,2025-10-03,13:57:32,-07:00,2025-10-03T13:57:32-07:00,0,124
context.html,79,html,03aae9e,Wendy Du,2025-10-03,13:57:32,-07:00,2025-10-03T13:57:32-07:00,0,133
context.html,80,html,03aae9e,Wendy Du,2025-10-03,13:57:32,-07:00,2025-10-03T13:57:32-07:00,0,183
context.html,81,html,03aae9e,Wendy Du,2025-10-03,13:57:32,-07:00,2025-10-03T13:57:32-07:00,0,306
context.html,82,html,03aae9e,Wendy Du,2025-10-03,13:57:32,-07:00,2025-10-03T13:57:32-07:00,0,166
context.html,83,html,03aae9e,Wendy Du,2025-10-03,13:57:32,-07:00,2025-10-03T13:57:32-07:00,0,68
context.html,84,html,03aae9e,Wendy Du,2025-10-03,13:57:32,-07:00,2025-10-03T13:57:32-07:00,0,90
context.html,85,html,03aae9e,Wendy Du,2025-10-03,13:57:32,-07:00,2025-10-03T13:57:32-07:00,0,335
context.html,86,html,03aae9e,Wendy Du,2025-10-03,13:57:32,-07:00,2025-10-03T13:57:32-07:00,0,275
context.html,87,html,03aae9e,Wendy Du,2025-10-03,13:57:32,-07:00,2025-10-03T13:57:32-07:00,0,167
context.html,88,html,03aae9e,Wendy Du,2025-10-03,13:57:32,-07:00,2025-10-03T13:57:32-07:00,0,89
context.html,89,html,03aae9e,Wendy Du,2025-10-03,13:57:32,-07:00,2025-10-03T13:57:32-07:00,0,1139
context.html,90,html,03aae9e,Wendy Du,2025-10-03,13:57:32,-07:00,2025-10-03T13:57:32-07:00,6,11
context.html,91,html,03aae9e,Wendy Du,2025-10-03,13:57:32,-07:00,2025-10-03T13:57:32-07:00,7,30
context.html,92,html,03aae9e,Wendy Du,2025-10-03,13:57:32,-07:00,2025-10-03T13:57:32-07:00,6,0
context.html,93,html,03aae9e,Wendy Du,2025-10-03,13:57:32,-07:00,2025-10-03T13:57:32-07:00,5,222
context.html,94,html,03aae9e,Wendy Du,2025-10-03,13:57:32,-07:00,2025-10-03T13:57:32-07:00,0,4663
context.html,95,html,03aae9e,Wendy Du,2025-10-03,13:57:32,-07:00,2025-10-03T13:57:32-07:00,0,17724
context.html,96,html,03aae9e,Wendy Du,2025-10-03,13:57:32,-07:00,2025-10-03T13:57:32-07:00,0,543
context.html,97,html,03aae9e,Wendy Du,2025-10-03,13:57:32,-07:00,2025-10-03T13:57:32-07:00,0,518
context.html,98,html,03aae9e,Wendy Du,2025-10-03,13:57:32,-07:00,2025-10-03T13:57:32-07:00,0,539
context.html,99,html,03aae9e,Wendy Du,2025-10-03,13:57:32,-07:00,2025-10-03T13:57:32-07:00,0,14240
context.html,100,html,03aae9e,Wendy Du,2025-10-03,13:57:32,-07:00,2025-10-03T13:57:32-07:00,8,21
context.html,101,html,03aae9e,Wendy Du,2025-10-03,13:57:32,-07:00,2025-10-03T13:57:32-07:00,10,17
context.html,102,html,03aae9e,Wendy Du,2025-10-03,13:57:32,-07:00,2025-10-03T13:57:32-07:00,10,26
context.html,103,html,03aae9e,Wendy Du,2025-10-03,13:57:32,-07:00,2025-10-03T13:57:32-07:00,10,13
context.html,104,html,03aae9e,Wendy Du,2025-10-03,13:57:32,-07:00,2025-10-03T13:57:32-07:00,10,23
context.html,105,html,03aae9e,Wendy Du,2025-10-03,13:57:32,-07:00,2025-10-03T13:57:32-07:00,8,0
context.html,106,html,03aae9e,Wendy Du,2025-10-03,13:57:32,-07:00,2025-10-03T13:57:32-07:00,0,0
context.html,107,html,03aae9e,Wendy Du,2025-10-03,13:57:32,-07:00,2025-10-03T13:57:32-07:00,8,13
context.html,108,html,03aae9e,Wendy Du,2025-10-03,13:57:32,-07:00,2025-10-03T13:57:32-07:00,10,9
context.html,109,html,03aae9e,Wendy Du,2025-10-03,13:57:32,-07:00,2025-10-03T13:57:32-07:00,8,0
context.html,110,html,03aae9e,Wendy Du,2025-10-03,13:57:32,-07:00,2025-10-03T13:57:32-07:00,6,0
context.html,111,html,03aae9e,Wendy Du,2025-10-03,13:57:32,-07:00,2025-10-03T13:57:32-07:00,8,18
context.html,112,html,03aae9e,Wendy Du,2025-10-03,13:57:32,-07:00,2025-10-03T13:57:32-07:00,8,15
context.html,113,html,03aae9e,Wendy Du,2025-10-03,13:57:32,-07:00,2025-10-03T13:57:32-07:00,8,21
context.html,114,html,03aae9e,Wendy Du,2025-10-03,13:57:32,-07:00,2025-10-03T13:57:32-07:00,10,39
context.html,115,html,03aae9e,Wendy Du,2025-10-03,13:57:32,-07:00,2025-10-03T13:57:32-07:00,8,0
context.html,116,html,03aae9e,Wendy Du,2025-10-03,13:57:32,-07:00,2025-10-03T13:57:32-07:00,6,0
context.html,117,html,03aae9e,Wendy Du,2025-10-03,13:57:32,-07:00,2025-10-03T13:57:32-07:00,8,25
context.html,118,html,03aae9e,Wendy Du,2025-10-03,13:57:32,-07:00,2025-10-03T13:57:32-07:00,10,14
context.html,119,html,03aae9e,Wendy Du,2025-10-03,13:57:32,-07:00,2025-10-03T13:57:32-07:00,10,13
context.html,120,html,03aae9e,Wendy Du,2025-10-03,13:57:32,-07:00,2025-10-03T13:57:32-07:00,8,0
context.html,121,html,03aae9e,Wendy Du,2025-10-03,13:57:32,-07:00,2025-10-03T13:57:32-07:00,6,0
context.html,122,html,03aae9e,Wendy Du,2025-10-03,13:57:32,-07:00,2025-10-03T13:57:32-07:00,8,19
context.html,123,html,03aae9e,Wendy Du,2025-10-03,13:57:32,-07:00,2025-10-03T13:57:32-07:00,9,0
context.html,124,html,03aae9e,Wendy Du,2025-10-03,13:57:32,-07:00,2025-10-03T13:57:32-07:00,10,24
context.html,125,html,03aae9e,Wendy Du,2025-10-03,13:57:32,-07:00,2025-10-03T13:57:32-07:00,8,0
context.html,126,html,03aae9e,Wendy Du,2025-10-03,13:57:32,-07:00,2025-10-03T13:57:32-07:00,6,0
context.html,127,html,03aae9e,Wendy Du,2025-10-03,13:57:32,-07:00,2025-10-03T13:57:32-07:00,8,17
context.html,128,html,03aae9e,Wendy Du,2025-10-03,13:57:32,-07:00,2025-10-03T13:57:32-07:00,8,19
context.html,129,html,03aae9e,Wendy Du,2025-10-03,13:57:32,-07:00,2025-10-03T13:57:32-07:00,10,11
context.html,130,html,03aae9e,Wendy Du,2025-10-03,13:57:32,-07:00,2025-10-03T13:57:32-07:00,10,39
context.html,131,html,03aae9e,Wendy Du,2025-10-03,13:57:32,-07:00,2025-10-03T13:57:32-07:00,10,25
context.html,132,html,03aae9e,Wendy Du,2025-10-03,13:57:32,-07:00,2025-10-03T13:57:32-07:00,8,0
context.html,133,html,03aae9e,Wendy Du,2025-10-03,13:57:32,-07:00,2025-10-03T13:57:32-07:00,0,0
context.html,134,html,03aae9e,Wendy Du,2025-10-03,13:57:32,-07:00,2025-10-03T13:57:32-07:00,8,28
context.html,135,html,03aae9e,Wendy Du,2025-10-03,13:57:32,-07:00,2025-10-03T13:57:32-07:00,10,23
context.html,136,html,03aae9e,Wendy Du,2025-10-03,13:57:32,-07:00,2025-10-03T13:57:32-07:00,10,25
context.html,137,html,03aae9e,Wendy Du,2025-10-03,13:57:32,-07:00,2025-10-03T13:57:32-07:00,8,0
context.html,138,html,03aae9e,Wendy Du,2025-10-03,13:57:32,-07:00,2025-10-03T13:57:32-07:00,6,0
context.html,139,html,03aae9e,Wendy Du,2025-10-03,13:57:32,-07:00,2025-10-03T13:57:32-07:00,8,27
context.html,140,html,03aae9e,Wendy Du,2025-10-03,13:57:32,-07:00,2025-10-03T13:57:32-07:00,10,49
context.html,141,html,03aae9e,Wendy Du,2025-10-03,13:57:32,-07:00,2025-10-03T13:57:32-07:00,10,27
context.html,142,html,03aae9e,Wendy Du,2025-10-03,13:57:32,-07:00,2025-10-03T13:57:32-07:00,8,0
context.html,143,html,03aae9e,Wendy Du,2025-10-03,13:57:32,-07:00,2025-10-03T13:57:32-07:00,0,0
context.html,144,html,03aae9e,Wendy Du,2025-10-03,13:57:32,-07:00,2025-10-03T13:57:32-07:00,8,23
context.html,145,html,03aae9e,Wendy Du,2025-10-03,13:57:32,-07:00,2025-10-03T13:57:32-07:00,10,18
context.html,146,html,03aae9e,Wendy Du,2025-10-03,13:57:32,-07:00,2025-10-03T13:57:32-07:00,10,62
context.html,147,html,03aae9e,Wendy Du,2025-10-03,13:57:32,-07:00,2025-10-03T13:57:32-07:00,10,11
context.html,148,html,03aae9e,Wendy Du,2025-10-03,13:57:32,-07:00,2025-10-03T13:57:32-07:00,10,17
context.html,149,html,03aae9e,Wendy Du,2025-10-03,13:57:32,-07:00,2025-10-03T13:57:32-07:00,10,10
context.html,150,html,03aae9e,Wendy Du,2025-10-03,13:57:32,-07:00,2025-10-03T13:57:32-07:00,10,16
context.html,151,html,03aae9e,Wendy Du,2025-10-03,13:57:32,-07:00,2025-10-03T13:57:32-07:00,10,12
context.html,152,html,03aae9e,Wendy Du,2025-10-03,13:57:32,-07:00,2025-10-03T13:57:32-07:00,10,17
context.html,153,html,03aae9e,Wendy Du,2025-10-03,13:57:32,-07:00,2025-10-03T13:57:32-07:00,10,23
context.html,154,html,03aae9e,Wendy Du,2025-10-03,13:57:32,-07:00,2025-10-03T13:57:32-07:00,10,16
context.html,155,html,03aae9e,Wendy Du,2025-10-03,13:57:32,-07:00,2025-10-03T13:57:32-07:00,10,15
context.html,156,html,03aae9e,Wendy Du,2025-10-03,13:57:32,-07:00,2025-10-03T13:57:32-07:00,10,15
context.html,157,html,03aae9e,Wendy Du,2025-10-03,13:57:32,-07:00,2025-10-03T13:57:32-07:00,10,12
context.html,158,html,03aae9e,Wendy Du,2025-10-03,13:57:32,-07:00,2025-10-03T13:57:32-07:00,10,18
context.html,159,html,03aae9e,Wendy Du,2025-10-03,13:57:32,-07:00,2025-10-03T13:57:32-07:00,8,0
context.html,160,html,03aae9e,Wendy Du,2025-10-03,13:57:32,-07:00,2025-10-03T13:57:32-07:00,0,0
context.html,161,html,03aae9e,Wendy Du,2025-10-03,13:57:32,-07:00,2025-10-03T13:57:32-07:00,8,25
context.html,162,html,03aae9e,Wendy Du,2025-10-03,13:57:32,-07:00,2025-10-03T13:57:32-07:00,10,21
context.html,163,html,03aae9e,Wendy Du,2025-10-03,13:57:32,-07:00,2025-10-03T13:57:32-07:00,12,23
context.html,164,html,03aae9e,Wendy Du,2025-10-03,13:57:32,-07:00,2025-10-03T13:57:32-07:00,10,0
context.html,165,html,03aae9e,Wendy Du,2025-10-03,13:57:32,-07:00,2025-10-03T13:57:32-07:00,0,0
context.html,166,html,03aae9e,Wendy Du,2025-10-03,13:57:32,-07:00,2025-10-03T13:57:32-07:00,10,27
context.html,167,html,03aae9e,Wendy Du,2025-10-03,13:57:32,-07:00,2025-10-03T13:57:32-07:00,10,23
context.html,168,html,03aae9e,Wendy Du,2025-10-03,13:57:32,-07:00,2025-10-03T13:57:32-07:00,12,9
context.html,169,html,03aae9e,Wendy Du,2025-10-03,13:57:32,-07:00,2025-10-03T13:57:32-07:00,10,0
context.html,170,html,03aae9e,Wendy Du,2025-10-03,13:57:32,-07:00,2025-10-03T13:57:32-07:00,0,0
context.html,171,html,03aae9e,Wendy Du,2025-10-03,13:57:32,-07:00,2025-10-03T13:57:32-07:00,10,9
context.html,172,html,03aae9e,Wendy Du,2025-10-03,13:57:32,-07:00,2025-10-03T13:57:32-07:00,12,20
context.html,173,html,03aae9e,Wendy Du,2025-10-03,13:57:32,-07:00,2025-10-03T13:57:32-07:00,10,0
context.html,174,html,03aae9e,Wendy Du,2025-10-03,13:57:32,-07:00,2025-10-03T13:57:32-07:00,0,0
context.html,175,html,03aae9e,Wendy Du,2025-10-03,13:57:32,-07:00,2025-10-03T13:57:32-07:00,10,33
context.html,176,html,03aae9e,Wendy Du,2025-10-03,13:57:32,-07:00,2025-10-03T13:57:32-07:00,12,18
context.html,177,html,03aae9e,Wendy Du,2025-10-03,13:57:32,-07:00,2025-10-03T13:57:32-07:00,10,0
context.html,178,html,03aae9e,Wendy Du,2025-10-03,13:57:32,-07:00,2025-10-03T13:57:32-07:00,0,0
context.html,179,html,03aae9e,Wendy Du,2025-10-03,13:57:32,-07:00,2025-10-03T13:57:32-07:00,10,39
context.html,180,html,03aae9e,Wendy Du,2025-10-03,13:57:32,-07:00,2025-10-03T13:57:32-07:00,12,11
context.html,181,html,03aae9e,Wendy Du,2025-10-03,13:57:32,-07:00,2025-10-03T13:57:32-07:00,12,23
context.html,182,html,03aae9e,Wendy Du,2025-10-03,13:57:32,-07:00,2025-10-03T13:57:32-07:00,12,75
context.html,183,html,03aae9e,Wendy Du,2025-10-03,13:57:32,-07:00,2025-10-03T13:57:32-07:00,12,19
context.html,184,html,03aae9e,Wendy Du,2025-10-03,13:57:32,-07:00,2025-10-03T13:57:32-07:00,12,22
context.html,185,html,03aae9e,Wendy Du,2025-10-03,13:57:32,-07:00,2025-10-03T13:57:32-07:00,10,0
context.html,186,html,03aae9e,Wendy Du,2025-10-03,13:57:32,-07:00,2025-10-03T13:57:32-07:00,8,0
context.html,187,html,03aae9e,Wendy Du,2025-10-03,13:57:32,-07:00,2025-10-03T13:57:32-07:00,6,67899
context.html,188,html,03aae9e,Wendy Du,2025-10-03,13:57:32,-07:00,2025-10-03T13:57:32-07:00,5,33
context.html,189,html,03aae9e,Wendy Du,2025-10-03,13:57:32,-07:00,2025-10-03T13:57:32-07:00,6,24
context.html,190,html,03aae9e,Wendy Du,2025-10-03,13:57:32,-07:00,2025-10-03T13:57:32-07:00,6,50
context.html,191,html,03aae9e,Wendy Du,2025-10-03,13:57:32,-07:00,2025-10-03T13:57:32-07:00,4,35
context.html,192,html,03aae9e,Wendy Du,2025-10-03,13:57:32,-07:00,2025-10-03T13:57:32-07:00,6,21
context.html,193,html,03aae9e,Wendy Du,2025-10-03,13:57:32,-07:00,2025-10-03T13:57:32-07:00,6,0
context.html,194,html,03aae9e,Wendy Du,2025-10-03,13:57:32,-07:00,2025-10-03T13:57:32-07:00,7,48
context.html,195,html,03aae9e,Wendy Du,2025-10-03,13:57:32,-07:00,2025-10-03T13:57:32-07:00,7,24
context.html,196,html,03aae9e,Wendy Du,2025-10-03,13:57:32,-07:00,2025-10-03T13:57:32-07:00,6,0
context.html,197,html,03aae9e,Wendy Du,2025-10-03,13:57:32,-07:00,2025-10-03T13:57:32-07:00,6,0
context.html,198,html,03aae9e,Wendy Du,2025-10-03,13:57:32,-07:00,2025-10-03T13:57:32-07:00,4,1
context.html,199,html,03aae9e,Wendy Du,2025-10-03,13:57:32,-07:00,2025-10-03T13:57:32-07:00,4,36
context.html,200,html,03aae9e,Wendy Du,2025-10-03,13:57:32,-07:00,2025-10-03T13:57:32-07:00,6,24
context.html,201,html,03aae9e,Wendy Du,2025-10-03,13:57:32,-07:00,2025-10-03T13:57:32-07:00,4,1
context.html,202,html,03aae9e,Wendy Du,2025-10-03,13:57:32,-07:00,2025-10-03T13:57:32-07:00,6,0
context.html,203,html,03aae9e,Wendy Du,2025-10-03,13:57:32,-07:00,2025-10-03T13:57:32-07:00,6,29
context.html,204,html,03aae9e,Wendy Du,2025-10-03,13:57:32,-07:00,2025-10-03T13:57:32-07:00,8,30
context.html,205,html,03aae9e,Wendy Du,2025-10-03,13:57:32,-07:00,2025-10-03T13:57:32-07:00,8,29
context.html,206,html,03aae9e,Wendy Du,2025-10-03,13:57:32,-07:00,2025-10-03T13:57:32-07:00,8,0
context.html,207,html,03aae9e,Wendy Du,2025-10-03,13:57:32,-07:00,2025-10-03T13:57:32-07:00,8,10
context.html,208,html,03aae9e,Wendy Du,2025-10-03,13:57:32,-07:00,2025-10-03T13:57:32-07:00,10,28
context.html,209,html,03aae9e,Wendy Du,2025-10-03,13:57:32,-07:00,2025-10-03T13:57:32-07:00,12,25
context.html,210,html,03aae9e,Wendy Du,2025-10-03,13:57:32,-07:00,2025-10-03T13:57:32-07:00,10,0
context.html,211,html,03aae9e,Wendy Du,2025-10-03,13:57:32,-07:00,2025-10-03T13:57:32-07:00,4,0
context.html,212,html,03aae9e,Wendy Du,2025-10-03,13:57:32,-07:00,2025-10-03T13:57:32-07:00,10,35
context.html,213,html,03aae9e,Wendy Du,2025-10-03,13:57:32,-07:00,2025-10-03T13:57:32-07:00,4,0
context.html,214,html,03aae9e,Wendy Du,2025-10-03,13:57:32,-07:00,2025-10-03T13:57:32-07:00,10,67
context.html,215,html,03aae9e,Wendy Du,2025-10-03,13:57:32,-07:00,2025-10-03T13:57:32-07:00,12,14
context.html,216,html,03aae9e,Wendy Du,2025-10-03,13:57:32,-07:00,2025-10-03T13:57:32-07:00,12,30
context.html,217,html,03aae9e,Wendy Du,2025-10-03,13:57:32,-07:00,2025-10-03T13:57:32-07:00,10,0
context.html,218,html,03aae9e,Wendy Du,2025-10-03,13:57:32,-07:00,2025-10-03T13:57:32-07:00,4,0
context.html,219,html,03aae9e,Wendy Du,2025-10-03,13:57:32,-07:00,2025-10-03T13:57:32-07:00,10,11
context.html,220,html,03aae9e,Wendy Du,2025-10-03,13:57:32,-07:00,2025-10-03T13:57:32-07:00,11,0
context.html,221,html,03aae9e,Wendy Du,2025-10-03,13:57:32,-07:00,2025-10-03T13:57:32-07:00,12,23
context.html,222,html,03aae9e,Wendy Du,2025-10-03,13:57:32,-07:00,2025-10-03T13:57:32-07:00,14,24
context.html,223,html,03aae9e,Wendy Du,2025-10-03,13:57:32,-07:00,2025-10-03T13:57:32-07:00,14,40
context.html,224,html,03aae9e,Wendy Du,2025-10-03,13:57:32,-07:00,2025-10-03T13:57:32-07:00,12,17
context.html,225,html,03aae9e,Wendy Du,2025-10-03,13:57:32,-07:00,2025-10-03T13:57:32-07:00,14,28
context.html,226,html,03aae9e,Wendy Du,2025-10-03,13:57:32,-07:00,2025-10-03T13:57:32-07:00,14,24
context.html,227,html,03aae9e,Wendy Du,2025-10-03,13:57:32,-07:00,2025-10-03T13:57:32-07:00,16,27
context.html,228,html,03aae9e,Wendy Du,2025-10-03,13:57:32,-07:00,2025-10-03T13:57:32-07:00,18,18
context.html,229,html,03aae9e,Wendy Du,2025-10-03,13:57:32,-07:00,2025-10-03T13:57:32-07:00,16,6
context.html,230,html,03aae9e,Wendy Du,2025-10-03,13:57:32,-07:00,2025-10-03T13:57:32-07:00,18,18
context.html,231,html,03aae9e,Wendy Du,2025-10-03,13:57:32,-07:00,2025-10-03T13:57:32-07:00,16,0
context.html,232,html,03aae9e,Wendy Du,2025-10-03,13:57:32,-07:00,2025-10-03T13:57:32-07:00,14,0
context.html,233,html,03aae9e,Wendy Du,2025-10-03,13:57:32,-07:00,2025-10-03T13:57:32-07:00,4,0
context.html,234,html,03aae9e,Wendy Du,2025-10-03,13:57:32,-07:00,2025-10-03T13:57:32-07:00,14,40
context.html,235,html,03aae9e,Wendy Du,2025-10-03,13:57:32,-07:00,2025-10-03T13:57:32-07:00,14,23
context.html,236,html,03aae9e,Wendy Du,2025-10-03,13:57:32,-07:00,2025-10-03T13:57:32-07:00,12,1
context.html,237,html,03aae9e,Wendy Du,2025-10-03,13:57:32,-07:00,2025-10-03T13:57:32-07:00,10,0
context.html,238,html,03aae9e,Wendy Du,2025-10-03,13:57:32,-07:00,2025-10-03T13:57:32-07:00,8,0
context.html,239,html,03aae9e,Wendy Du,2025-10-03,13:57:32,-07:00,2025-10-03T13:57:32-07:00,4,0
context.html,240,html,03aae9e,Wendy Du,2025-10-03,13:57:32,-07:00,2025-10-03T13:57:32-07:00,8,24
context.html,241,html,03aae9e,Wendy Du,2025-10-03,13:57:32,-07:00,2025-10-03T13:57:32-07:00,10,35
context.html,242,html,03aae9e,Wendy Du,2025-10-03,13:57:32,-07:00,2025-10-03T13:57:32-07:00,10,39
context.html,243,html,03aae9e,Wendy Du,2025-10-03,13:57:32,-07:00,2025-10-03T13:57:32-07:00,10,29
context.html,244,html,03aae9e,Wendy Du,2025-10-03,13:57:32,-07:00,2025-10-03T13:57:32-07:00,12,50
context.html,245,html,03aae9e,Wendy Du,2025-10-03,13:57:32,-07:00,2025-10-03T13:57:32-07:00,12,24
context.html,246,html,03aae9e,Wendy Du,2025-10-03,13:57:32,-07:00,2025-10-03T13:57:32-07:00,14,17
context.html,247,html,03aae9e,Wendy Du,2025-10-03,13:57:32,-07:00,2025-10-03T13:57:32-07:00,12,0
context.html,248,html,03aae9e,Wendy Du,2025-10-03,13:57:32,-07:00,2025-10-03T13:57:32-07:00,10,0
context.html,249,html,03aae9e,Wendy Du,2025-10-03,13:57:32,-07:00,2025-10-03T13:57:32-07:00,10,10
context.html,250,html,03aae9e,Wendy Du,2025-10-03,13:57:32,-07:00,2025-10-03T13:57:32-07:00,8,0
context.html,251,html,03aae9e,Wendy Du,2025-10-03,13:57:32,-07:00,2025-10-03T13:57:32-07:00,0,0
context.html,252,html,03aae9e,Wendy Du,2025-10-03,13:57:32,-07:00,2025-10-03T13:57:32-07:00,8,25
context.html,253,html,03aae9e,Wendy Du,2025-10-03,13:57:32,-07:00,2025-10-03T13:57:32-07:00,9,39
context.html,254,html,03aae9e,Wendy Du,2025-10-03,13:57:32,-07:00,2025-10-03T13:57:32-07:00,9,18
context.html,255,html,03aae9e,Wendy Du,2025-10-03,13:57:32,-07:00,2025-10-03T13:57:32-07:00,9,0
context.html,256,html,03aae9e,Wendy Du,2025-10-03,13:57:32,-07:00,2025-10-03T13:57:32-07:00,9,40
context.html,257,html,03aae9e,Wendy Du,2025-10-03,13:57:32,-07:00,2025-10-03T13:57:32-07:00,10,32
context.html,258,html,03aae9e,Wendy Du,2025-10-03,13:57:32,-07:00,2025-10-03T13:57:32-07:00,10,31
context.html,259,html,03aae9e,Wendy Du,2025-10-03,13:57:32,-07:00,2025-10-03T13:57:32-07:00,10,0
context.html,260,html,03aae9e,Wendy Du,2025-10-03,13:57:32,-07:00,2025-10-03T13:57:32-07:00,10,33
context.html,261,html,03aae9e,Wendy Du,2025-10-03,13:57:32,-07:00,2025-10-03T13:57:32-07:00,11,25
context.html,262,html,03aae9e,Wendy Du,2025-10-03,13:57:32,-07:00,2025-10-03T13:57:32-07:00,11,35
context.html,263,html,03aae9e,Wendy Du,2025-10-03,13:57:32,-07:00,2025-10-03T13:57:32-07:00,10,0
context.html,264,html,03aae9e,Wendy Du,2025-10-03,13:57:32,-07:00,2025-10-03T13:57:32-07:00,9,0
context.html,265,html,03aae9e,Wendy Du,2025-10-03,13:57:32,-07:00,2025-10-03T13:57:32-07:00,9,0
context.html,266,html,03aae9e,Wendy Du,2025-10-03,13:57:32,-07:00,2025-10-03T13:57:32-07:00,9,16
context.html,267,html,03aae9e,Wendy Du,2025-10-03,13:57:32,-07:00,2025-10-03T13:57:32-07:00,8,0
context.html,268,html,03aae9e,Wendy Du,2025-10-03,13:57:32,-07:00,2025-10-03T13:57:32-07:00,8,0
context.html,269,html,03aae9e,Wendy Du,2025-10-03,13:57:32,-07:00,2025-10-03T13:57:32-07:00,0,0
context.html,270,html,03aae9e,Wendy Du,2025-10-03,13:57:32,-07:00,2025-10-03T13:57:32-07:00,10,12
context.html,271,html,03aae9e,Wendy Du,2025-10-03,13:57:32,-07:00,2025-10-03T13:57:32-07:00,8,0
context.html,272,html,03aae9e,Wendy Du,2025-10-03,13:57:32,-07:00,2025-10-03T13:57:32-07:00,10,34
context.html,273,html,03aae9e,Wendy Du,2025-10-03,13:57:32,-07:00,2025-10-03T13:57:32-07:00,10,0
context.html,274,html,03aae9e,Wendy Du,2025-10-03,13:57:32,-07:00,2025-10-03T13:57:32-07:00,10,34
context.html,275,html,03aae9e,Wendy Du,2025-10-03,13:57:32,-07:00,2025-10-03T13:57:32-07:00,11,60
context.html,276,html,03aae9e,Wendy Du,2025-10-03,13:57:32,-07:00,2025-10-03T13:57:32-07:00,11,36
context.html,277,html,03aae9e,Wendy Du,2025-10-03,13:57:32,-07:00,2025-10-03T13:57:32-07:00,11,37
context.html,278,html,03aae9e,Wendy Du,2025-10-03,13:57:32,-07:00,2025-10-03T13:57:32-07:00,10,0
context.html,279,html,03aae9e,Wendy Du,2025-10-03,13:57:32,-07:00,2025-10-03T13:57:32-07:00,10,0
context.html,280,html,03aae9e,Wendy Du,2025-10-03,13:57:32,-07:00,2025-10-03T13:57:32-07:00,10,55
context.html,281,html,03aae9e,Wendy Du,2025-10-03,13:57:32,-07:00,2025-10-03T13:57:32-07:00,10,53
context.html,282,html,03aae9e,Wendy Du,2025-10-03,13:57:32,-07:00,2025-10-03T13:57:32-07:00,10,131
context.html,283,html,03aae9e,Wendy Du,2025-10-03,13:57:32,-07:00,2025-10-03T13:57:32-07:00,10,77
context.html,284,html,03aae9e,Wendy Du,2025-10-03,13:57:32,-07:00,2025-10-03T13:57:32-07:00,0,0
context.html,285,html,03aae9e,Wendy Du,2025-10-03,13:57:32,-07:00,2025-10-03T13:57:32-07:00,12,23
context.html,286,html,03aae9e,Wendy Du,2025-10-03,13:57:32,-07:00,2025-10-03T13:57:32-07:00,14,24
context.html,287,html,03aae9e,Wendy Du,2025-10-03,13:57:32,-07:00,2025-10-03T13:57:32-07:00,14,40
context.html,288,html,03aae9e,Wendy Du,2025-10-03,13:57:32,-07:00,2025-10-03T13:57:32-07:00,12,17
context.html,289,html,03aae9e,Wendy Du,2025-10-03,13:57:32,-07:00,2025-10-03T13:57:32-07:00,14,28
context.html,290,html,03aae9e,Wendy Du,2025-10-03,13:57:32,-07:00,2025-10-03T13:57:32-07:00,14,28
context.html,291,html,03aae9e,Wendy Du,2025-10-03,13:57:32,-07:00,2025-10-03T13:57:32-07:00,15,25
context.html,292,html,03aae9e,Wendy Du,2025-10-03,13:57:32,-07:00,2025-10-03T13:57:32-07:00,15,23
context.html,293,html,03aae9e,Wendy Du,2025-10-03,13:57:32,-07:00,2025-10-03T13:57:32-07:00,14,0
context.html,294,html,03aae9e,Wendy Du,2025-10-03,13:57:32,-07:00,2025-10-03T13:57:32-07:00,12,1
context.html,295,html,03aae9e,Wendy Du,2025-10-03,13:57:32,-07:00,2025-10-03T13:57:32-07:00,6,0
context.html,296,html,03aae9e,Wendy Du,2025-10-03,13:57:32,-07:00,2025-10-03T13:57:32-07:00,6,1
context.html,297,html,03aae9e,Wendy Du,2025-10-03,13:57:32,-07:00,2025-10-03T13:57:32-07:00,4,0
context.html,298,html,03aae9e,Wendy Du,2025-10-03,13:57:32,-07:00,2025-10-03T13:57:32-07:00,4,0
context.html,299,html,03aae9e,Wendy Du,2025-10-03,13:57:32,-07:00,2025-10-03T13:57:32-07:00,5,0
context.html,300,html,03aae9e,Wendy Du,2025-10-03,13:57:32,-07:00,2025-10-03T13:57:32-07:00,5,112
context.css,1,css,f8df5ab3,Wendy Du,2025-10-08,03:25:50,-07:00,2025-10-08T03:25:50-07:00,0,7845
context.css,2,css,f8df5ab3,Wendy Du,2025-10-08,03:25:50,-07:00,2025-10-08T03:25:50-07:00,0,44
context.css,3,css,f8df5ab3,Wendy Du,2025-10-08,03:25:50,-07:00,2025-10-08T03:25:50-07:00,0,41
context.css,4,css,f8df5ab3,Wendy Du,2025-10-08,03:25:50,-07:00,2025-10-08T03:25:50-07:00,0,33
context.css,5,css,f8df5ab3,Wendy Du,2025-10-08,03:25:50,-07:00,2025-10-08T03:25:50-07:00,0,74
context.css,6,css,f8df5ab3,Wendy Du,2025-10-08,03:25:50,-07:00,2025-10-08T03:25:50-07:00,0,149979
context.css,7,css,f8df5ab3,Wendy Du,2025-10-08,03:25:50,-07:00,2025-10-08T03:25:50-07:00,0,59
context.css,8,css,f8df5ab3,Wendy Du,2025-10-08,03:25:50,-07:00,2025-10-08T03:25:50-07:00,0,193620
resume/index.html,1,html,03aae9e,Wendy Du,2025-10-03,13:57:32,-07:00,2025-10-03T13:57:32-07:00,0,13
resume/index.html,2,html,03aae9e,Wendy Du,2025-10-03,13:57:32,-07:00,2025-10-03T13:57:32-07:00,0,14
resume/index.html,3,html,03aae9e,Wendy Du,2025-10-03,13:57:32,-07:00,2025-10-03T13:57:32-07:00,0,4
resume/index.html,4,html,03aae9e,Wendy Du,2025-10-03,13:57:32,-07:00,2025-10-03T13:57:32-07:00,2,20
resume/index.html,5,html,03aae9e,Wendy Du,2025-10-03,13:57:32,-07:00,2025-10-03T13:57:32-07:00,2,68
resume/index.html,6,html,03aae9e,Wendy Du,2025-10-03,13:57:32,-07:00,2025-10-03T13:57:32-07:00,2,29
resume/index.html,7,html,03aae9e,Wendy Du,2025-10-03,13:57:32,-07:00,2025-10-03T13:57:32-07:00,2,41
resume/index.html,8,html,a4812c11,Wendy Du,2025-10-15,16:30:42,-07:00,2025-10-15T16:30:42-07:00,2,48
resume/index.html,9,html,03aae9e,Wendy Du,2025-10-03,13:57:32,-07:00,2025-10-03T13:57:32-07:00,0,5
resume/index.html,10,html,03aae9e,Wendy Du,2025-10-03,13:57:32,-07:00,2025-10-03T13:57:32-07:00,0,4
resume/index.html,11,html,03aae9e,Wendy Du,2025-10-03,13:57:32,-07:00,2025-10-03T13:57:32-07:00,2,4
resume/index.html,12,html,03aae9e,Wendy Du,2025-10-03,13:57:32,-07:00,2025-10-03T13:57:32-07:00,4,16
resume/index.html,13,html,03aae9e,Wendy Du,2025-10-03,13:57:32,-07:00,2025-10-03T13:57:32-07:00,0,0
resume/index.html,14,html,80d50f2d,Wendy Du,2025-10-09,23:13:34,-07:00,2025-10-09T23:13:34-07:00,4,28
resume/index.html,15,html,80d50f2d,Wendy Du,2025-10-09,23:13:34,-07:00,2025-10-09T23:13:34-07:00,6,28
resume/index.html,16,html,80d50f2d,Wendy Du,2025-10-09,23:13:34,-07:00,2025-10-09T23:13:34-07:00,8,15
resume/index.html,17,html,80d50f2d,Wendy Du,2025-10-09,23:13:34,-07:00,2025-10-09T23:13:34-07:00,8,1
resume/index.html,18,html,80d50f2d,Wendy Du,2025-10-09,23:13:34,-07:00,2025-10-09T23:13:34-07:00,10,12
resume/index.html,19,html,80d50f2d,Wendy Du,2025-10-09,23:13:34,-07:00,2025-10-09T23:13:34-07:00,10,58
resume/index.html,20,html,80d50f2d,Wendy Du,2025-10-09,23:13:34,-07:00,2025-10-09T23:13:34-07:00,10,48
resume/index.html,21,html,80d50f2d,Wendy Du,2025-10-09,23:13:34,-07:00,2025-10-09T23:13:34-07:00,10,86
resume/index.html,22,html,80d50f2d,Wendy Du,2025-10-09,23:13:34,-07:00,2025-10-09T23:13:34-07:00,10,35
resume/index.html,23,html,80d50f2d,Wendy Du,2025-10-09,23:13:34,-07:00,2025-10-09T23:13:34-07:00,8,2
resume/index.html,24,html,80d50f2d,Wendy Du,2025-10-09,23:13:34,-07:00,2025-10-09T23:13:34-07:00,6,7
resume/index.html,25,html,80d50f2d,Wendy Du,2025-10-09,23:13:34,-07:00,2025-10-09T23:13:34-07:00,0,0
resume/index.html,26,html,80d50f2d,Wendy Du,2025-10-09,23:13:34,-07:00,2025-10-09T23:13:34-07:00,6,26
resume/index.html,27,html,80d50f2d,Wendy Du,2025-10-09,23:13:34,-07:00,2025-10-09T23:13:34-07:00,8,16
resume/index.html,28,html,80d50f2d,Wendy Du,2025-10-09,23:13:34,-07:00,2025-10-09T23:13:34-07:00,8,24
resume/index.html,29,html,80d50f2d,Wendy Du,2025-10-09,23:13:34,-07:00,2025-10-09T23:13:34-07:00,10,31
resume/index.html,30,html,80d50f2d,Wendy Du,2025-10-09,23:13:34,-07:00,2025-10-09T23:13:34-07:00,12,19
resume/index.html,31,html,80d50f2d,Wendy Du,2025-10-09,23:13:34,-07:00,2025-10-09T23:13:34-07:00,12,32
resume/index.html,32,html,80d50f2d,Wendy Du,2025-10-09,23:13:34,-07:00,2025-10-09T23:13:34-07:00,10,4
resume/index.html,33,html,80d50f2d,Wendy Du,2025-10-09,23:13:34,-07:00,2025-10-09T23:13:34-07:00,10,79
resume/index.html,34,html,80d50f2d,Wendy Du,2025-10-09,23:13:34,-07:00,2025-10-09T23:13:34-07:00,10,256
resume/index.html,35,html,80d50f2d,Wendy Du,2025-10-09,23:13:34,-07:00,2025-10-09T23:13:34-07:00,10,150
resume/index.html,36,html,80d50f2d,Wendy Du,2025-10-09,23:13:34,-07:00,2025-10-09T23:13:34-07:00,8,4
resume/index.html,37,html,80d50f2d,Wendy Du,2025-10-09,23:13:34,-07:00,2025-10-09T23:13:34-07:00,8,24
resume/index.html,38,html,80d50f2d,Wendy Du,2025-10-09,23:13:34,-07:00,2025-10-09T23:13:34-07:00,10,31
resume/index.html,39,html,80d50f2d,Wendy Du,2025-10-09,23:13:34,-07:00,2025-10-09T23:13:34-07:00,12,25
resume/index.html,40,html,80d50f2d,Wendy Du,2025-10-09,23:13:34,-07:00,2025-10-09T23:13:34-07:00,12,23
resume/index.html,41,html,80d50f2d,Wendy Du,2025-10-09,23:13:34,-07:00,2025-10-09T23:13:34-07:00,10,4
resume/index.html,42,html,80d50f2d,Wendy Du,2025-10-09,23:13:34,-07:00,2025-10-09T23:13:34-07:00,10,77
resume/index.html,43,html,80d50f2d,Wendy Du,2025-10-09,23:13:34,-07:00,2025-10-09T23:13:34-07:00,8,4
resume/index.html,44,html,80d50f2d,Wendy Du,2025-10-09,23:13:34,-07:00,2025-10-09T23:13:34-07:00,6,8
resume/index.html,45,html,80d50f2d,Wendy Du,2025-10-09,23:13:34,-07:00,2025-10-09T23:13:34-07:00,0,0
resume/index.html,46,html,80d50f2d,Wendy Du,2025-10-09,23:13:34,-07:00,2025-10-09T23:13:34-07:00,6,26
resume/index.html,47,html,80d50f2d,Wendy Du,2025-10-09,23:13:34,-07:00,2025-10-09T23:13:34-07:00,8,30
resume/index.html,48,html,80d50f2d,Wendy Du,2025-10-09,23:13:34,-07:00,2025-10-09T23:13:34-07:00,8,24
resume/index.html,49,html,80d50f2d,Wendy Du,2025-10-09,23:13:34,-07:00,2025-10-09T23:13:34-07:00,10,31
resume/index.html,50,html,80d50f2d,Wendy Du,2025-10-09,23:13:34,-07:00,2025-10-09T23:13:34-07:00,12,56
resume/index.html,51,html,80d50f2d,Wendy Du,2025-10-09,23:13:34,-07:00,2025-10-09T23:13:34-07:00,12,29
resume/index.html,52,html,80d50f2d,Wendy Du,2025-10-09,23:13:34,-07:00,2025-10-09T23:13:34-07:00,10,4
resume/index.html,53,html,80d50f2d,Wendy Du,2025-10-09,23:13:34,-07:00,2025-10-09T23:13:34-07:00,10,2
resume/index.html,54,html,80d50f2d,Wendy Du,2025-10-09,23:13:34,-07:00,2025-10-09T23:13:34-07:00,12,118
resume/index.html,55,html,80d50f2d,Wendy Du,2025-10-09,23:13:34,-07:00,2025-10-09T23:13:34-07:00,12,166
resume/index.html,56,html,80d50f2d,Wendy Du,2025-10-09,23:13:34,-07:00,2025-10-09T23:13:34-07:00,12,177
resume/index.html,57,html,80d50f2d,Wendy Du,2025-10-09,23:13:34,-07:00,2025-10-09T23:13:34-07:00,10,3
resume/index.html,58,html,80d50f2d,Wendy Du,2025-10-09,23:13:34,-07:00,2025-10-09T23:13:34-07:00,8,4
resume/index.html,59,html,80d50f2d,Wendy Du,2025-10-09,23:13:34,-07:00,2025-10-09T23:13:34-07:00,8,24
resume/index.html,60,html,80d50f2d,Wendy Du,2025-10-09,23:13:34,-07:00,2025-10-09T23:13:34-07:00,10,31
resume/index.html,61,html,80d50f2d,Wendy Du,2025-10-09,23:13:34,-07:00,2025-10-09T23:13:34-07:00,12,69
resume/index.html,62,html,80d50f2d,Wendy Du,2025-10-09,23:13:34,-07:00,2025-10-09T23:13:34-07:00,12,50
resume/index.html,63,html,80d50f2d,Wendy Du,2025-10-09,23:13:34,-07:00,2025-10-09T23:13:34-07:00,10,4
resume/index.html,64,html,80d50f2d,Wendy Du,2025-10-09,23:13:34,-07:00,2025-10-09T23:13:34-07:00,10,2
resume/index.html,65,html,80d50f2d,Wendy Du,2025-10-09,23:13:34,-07:00,2025-10-09T23:13:34-07:00,12,117
resume/index.html,66,html,80d50f2d,Wendy Du,2025-10-09,23:13:34,-07:00,2025-10-09T23:13:34-07:00,12,120
resume/index.html,67,html,80d50f2d,Wendy Du,2025-10-09,23:13:34,-07:00,2025-10-09T23:13:34-07:00,12,137
resume/index.html,68,html,80d50f2d,Wendy Du,2025-10-09,23:13:34,-07:00,2025-10-09T23:13:34-07:00,10,3
resume/index.html,69,html,80d50f2d,Wendy Du,2025-10-09,23:13:34,-07:00,2025-10-09T23:13:34-07:00,8,4
resume/index.html,70,html,80d50f2d,Wendy Du,2025-10-09,23:13:34,-07:00,2025-10-09T23:13:34-07:00,8,24
resume/index.html,71,html,80d50f2d,Wendy Du,2025-10-09,23:13:34,-07:00,2025-10-09T23:13:34-07:00,10,31
resume/index.html,72,html,80d50f2d,Wendy Du,2025-10-09,23:13:34,-07:00,2025-10-09T23:13:34-07:00,12,47
resume/index.html,73,html,80d50f2d,Wendy Du,2025-10-09,23:13:34,-07:00,2025-10-09T23:13:34-07:00,12,51
resume/index.html,74,html,80d50f2d,Wendy Du,2025-10-09,23:13:34,-07:00,2025-10-09T23:13:34-07:00,10,4
resume/index.html,75,html,80d50f2d,Wendy Du,2025-10-09,23:13:34,-07:00,2025-10-09T23:13:34-07:00,10,2
resume/index.html,76,html,80d50f2d,Wendy Du,2025-10-09,23:13:34,-07:00,2025-10-09T23:13:34-07:00,12,164
resume/index.html,77,html,80d50f2d,Wendy Du,2025-10-09,23:13:34,-07:00,2025-10-09T23:13:34-07:00,12,149
resume/index.html,78,html,80d50f2d,Wendy Du,2025-10-09,23:13:34,-07:00,2025-10-09T23:13:34-07:00,10,3
resume/index.html,79,html,80d50f2d,Wendy Du,2025-10-09,23:13:34,-07:00,2025-10-09T23:13:34-07:00,8,4
resume/index.html,80,html,80d50f2d,Wendy Du,2025-10-09,23:13:34,-07:00,2025-10-09T23:13:34-07:00,6,8
resume/index.html,81,html,80d50f2d,Wendy Du,2025-10-09,23:13:34,-07:00,2025-10-09T23:13:34-07:00,0,0
resume/index.html,82,html,80d50f2d,Wendy Du,2025-10-09,23:13:34,-07:00,2025-10-09T23:13:34-07:00,6,26
resume/index.html,83,html,80d50f2d,Wendy Du,2025-10-09,23:13:34,-07:00,2025-10-09T23:13:34-07:00,8,15
resume/index.html,84,html,80d50f2d,Wendy Du,2025-10-09,23:13:34,-07:00,2025-10-09T23:13:34-07:00,8,24
resume/index.html,85,html,80d50f2d,Wendy Du,2025-10-09,23:13:34,-07:00,2025-10-09T23:13:34-07:00,10,31
resume/index.html,86,html,80d50f2d,Wendy Du,2025-10-09,23:13:34,-07:00,2025-10-09T23:13:34-07:00,12,74
resume/index.html,87,html,80d50f2d,Wendy Du,2025-10-09,23:13:34,-07:00,2025-10-09T23:13:34-07:00,12,29
resume/index.html,88,html,80d50f2d,Wendy Du,2025-10-09,23:13:34,-07:00,2025-10-09T23:13:34-07:00,10,4
resume/index.html,89,html,80d50f2d,Wendy Du,2025-10-09,23:13:34,-07:00,2025-10-09T23:13:34-07:00,10,2
resume/index.html,90,html,80d50f2d,Wendy Du,2025-10-09,23:13:34,-07:00,2025-10-09T23:13:34-07:00,12,227
resume/index.html,91,html,80d50f2d,Wendy Du,2025-10-09,23:13:34,-07:00,2025-10-09T23:13:34-07:00,12,227
resume/index.html,92,html,80d50f2d,Wendy Du,2025-10-09,23:13:34,-07:00,2025-10-09T23:13:34-07:00,10,3
resume/index.html,93,html,80d50f2d,Wendy Du,2025-10-09,23:13:34,-07:00,2025-10-09T23:13:34-07:00,8,4
resume/index.html,94,html,80d50f2d,Wendy Du,2025-10-09,23:13:34,-07:00,2025-10-09T23:13:34-07:00,6,8
resume/index.html,95,html,80d50f2d,Wendy Du,2025-10-09,23:13:34,-07:00,2025-10-09T23:13:34-07:00,6,0
resume/index.html,96,html,80d50f2d,Wendy Du,2025-10-09,23:13:34,-07:00,2025-10-09T23:13:34-07:00,6,26
resume/index.html,97,html,80d50f2d,Wendy Du,2025-10-09,23:13:34,-07:00,2025-10-09T23:13:34-07:00,8,28
resume/index.html,98,html,80d50f2d,Wendy Du,2025-10-09,23:13:34,-07:00,2025-10-09T23:13:34-07:00,8,24
resume/index.html,99,html,80d50f2d,Wendy Du,2025-10-09,23:13:34,-07:00,2025-10-09T23:13:34-07:00,10,31
resume/index.html,100,html,80d50f2d,Wendy Du,2025-10-09,23:13:34,-07:00,2025-10-09T23:13:34-07:00,12,44
resume/index.html,101,html,80d50f2d,Wendy Du,2025-10-09,23:13:34,-07:00,2025-10-09T23:13:34-07:00,12,45
resume/index.html,102,html,80d50f2d,Wendy Du,2025-10-09,23:13:34,-07:00,2025-10-09T23:13:34-07:00,10,4
resume/index.html,103,html,80d50f2d,Wendy Du,2025-10-09,23:13:34,-07:00,2025-10-09T23:13:34-07:00,10,2
resume/index.html,104,html,80d50f2d,Wendy Du,2025-10-09,23:13:34,-07:00,2025-10-09T23:13:34-07:00,12,121
resume/index.html,105,html,80d50f2d,Wendy Du,2025-10-09,23:13:34,-07:00,2025-10-09T23:13:34-07:00,12,104
resume/index.html,106,html,80d50f2d,Wendy Du,2025-10-09,23:13:34,-07:00,2025-10-09T23:13:34-07:00,10,3
resume/index.html,107,html,80d50f2d,Wendy Du,2025-10-09,23:13:34,-07:00,2025-10-09T23:13:34-07:00,8,4
resume/index.html,108,html,80d50f2d,Wendy Du,2025-10-09,23:13:34,-07:00,2025-10-09T23:13:34-07:00,8,24
resume/index.html,109,html,80d50f2d,Wendy Du,2025-10-09,23:13:34,-07:00,2025-10-09T23:13:34-07:00,10,31
resume/index.html,110,html,80d50f2d,Wendy Du,2025-10-09,23:13:34,-07:00,2025-10-09T23:13:34-07:00,12,47
resume/index.html,111,html,80d50f2d,Wendy Du,2025-10-09,23:13:34,-07:00,2025-10-09T23:13:34-07:00,12,45
resume/index.html,112,html,80d50f2d,Wendy Du,2025-10-09,23:13:34,-07:00,2025-10-09T23:13:34-07:00,10,4
resume/index.html,113,html,80d50f2d,Wendy Du,2025-10-09,23:13:34,-07:00,2025-10-09T23:13:34-07:00,10,2
resume/index.html,114,html,80d50f2d,Wendy Du,2025-10-09,23:13:34,-07:00,2025-10-09T23:13:34-07:00,12,115
resume/index.html,115,html,80d50f2d,Wendy Du,2025-10-09,23:13:34,-07:00,2025-10-09T23:13:34-07:00,10,3
resume/index.html,116,html,80d50f2d,Wendy Du,2025-10-09,23:13:34,-07:00,2025-10-09T23:13:34-07:00,8,4
resume/index.html,117,html,80d50f2d,Wendy Du,2025-10-09,23:13:34,-07:00,2025-10-09T23:13:34-07:00,6,8
resume/index.html,118,html,80d50f2d,Wendy Du,2025-10-09,23:13:34,-07:00,2025-10-09T23:13:34-07:00,4,4
resume/index.html,119,html,03aae9e,Wendy Du,2025-10-03,13:57:32,-07:00,2025-10-03T13:57:32-07:00,2,5
resume/index.html,120,html,03aae9e,Wendy Du,2025-10-03,13:57:32,-07:00,2025-10-03T13:57:32-07:00,0,5
resume/index.html,121,html,03aae9e,Wendy Du,2025-10-03,13:57:32,-07:00,2025-10-03T13:57:32-07:00,0,5
projects/projects.js,1,js,203ccded,Wendy Du,2025-10-24,17:23:05,-07:00,2025-10-24T17:23:05-07:00,0,55
projects/projects.js,2,js,263015e7,Wendy Du,2025-10-29,23:46:27,-07:00,2025-10-29T23:46:27-07:00,0,63
projects/projects.js,3,js,203ccded,Wendy Du,2025-10-24,17:23:05,-07:00,2025-10-24T17:23:05-07:00,0,0
projects/projects.js,4,js,263015e7,Wendy Du,2025-10-29,23:46:27,-07:00,2025-10-29T23:46:27-07:00,0,17
projects/projects.js,5,js,263015e7,Wendy Du,2025-10-29,23:46:27,-07:00,2025-10-29T23:46:27-07:00,0,58
projects/projects.js,6,js,203ccded,Wendy Du,2025-10-24,17:23:05,-07:00,2025-10-24T17:23:05-07:00,0,60
projects/projects.js,7,js,203ccded,Wendy Du,2025-10-24,17:23:05,-07:00,2025-10-24T17:23:05-07:00,0,0
projects/projects.js,8,js,263015e7,Wendy Du,2025-10-29,23:46:27,-07:00,2025-10-29T23:46:27-07:00,0,16
projects/projects.js,9,js,263015e7,Wendy Du,2025-10-29,23:46:27,-07:00,2025-10-29T23:46:27-07:00,0,13
projects/projects.js,10,js,263015e7,Wendy Du,2025-10-29,23:46:27,-07:00,2025-10-29T23:46:27-07:00,0,21
projects/projects.js,11,js,263015e7,Wendy Du,2025-10-29,23:46:27,-07:00,2025-10-29T23:46:27-07:00,0,0
projects/projects.js,12,js,263015e7,Wendy Du,2025-10-29,23:46:27,-07:00,2025-10-29T23:46:27-07:00,0,53
projects/projects.js,13,js,263015e7,Wendy Du,2025-10-29,23:46:27,-07:00,2025-10-29T23:46:27-07:00,0,56
projects/projects.js,14,js,263015e7,Wendy Du,2025-10-29,23:46:27,-07:00,2025-10-29T23:46:27-07:00,0,42
projects/projects.js,15,js,263015e7,Wendy Du,2025-10-29,23:46:27,-07:00,2025-10-29T23:46:27-07:00,0,34
projects/projects.js,16,js,263015e7,Wendy Du,2025-10-29,23:46:27,-07:00,2025-10-29T23:46:27-07:00,0,0
projects/projects.js,17,js,263015e7,Wendy Du,2025-10-29,23:46:27,-07:00,2025-10-29T23:46:27-07:00,0,65
projects/projects.js,18,js,263015e7,Wendy Du,2025-10-29,23:46:27,-07:00,2025-10-29T23:46:27-07:00,0,32
projects/projects.js,19,js,263015e7,Wendy Du,2025-10-29,23:46:27,-07:00,2025-10-29T23:46:27-07:00,2,29
projects/projects.js,20,js,263015e7,Wendy Du,2025-10-29,23:46:27,-07:00,2025-10-29T23:46:27-07:00,2,48
projects/projects.js,21,js,263015e7,Wendy Du,2025-10-29,23:46:27,-07:00,2025-10-29T23:46:27-07:00,4,22
projects/projects.js,22,js,263015e7,Wendy Du,2025-10-29,23:46:27,-07:00,2025-10-29T23:46:27-07:00,4,77
projects/projects.js,23,js,263015e7,Wendy Du,2025-10-29,23:46:27,-07:00,2025-10-29T23:46:27-07:00,2,1
projects/projects.js,24,js,263015e7,Wendy Du,2025-10-29,23:46:27,-07:00,2025-10-29T23:46:27-07:00,2,0
projects/projects.js,25,js,263015e7,Wendy Du,2025-10-29,23:46:27,-07:00,2025-10-29T23:46:27-07:00,2,49
projects/projects.js,26,js,263015e7,Wendy Du,2025-10-29,23:46:27,-07:00,2025-10-29T23:46:27-07:00,2,31
projects/projects.js,27,js,263015e7,Wendy Du,2025-10-29,23:46:27,-07:00,2025-10-29T23:46:27-07:00,0,0
projects/projects.js,28,js,263015e7,Wendy Du,2025-10-29,23:46:27,-07:00,2025-10-29T23:46:27-07:00,2,73
projects/projects.js,29,js,263015e7,Wendy Du,2025-10-29,23:46:27,-07:00,2025-10-29T23:46:27-07:00,2,100
projects/projects.js,30,js,263015e7,Wendy Du,2025-10-29,23:46:27,-07:00,2025-10-29T23:46:27-07:00,2,83
projects/projects.js,31,js,263015e7,Wendy Du,2025-10-29,23:46:27,-07:00,2025-10-29T23:46:27-07:00,0,0
projects/projects.js,32,js,263015e7,Wendy Du,2025-10-29,23:46:27,-07:00,2025-10-29T23:46:27-07:00,2,43
projects/projects.js,33,js,263015e7,Wendy Du,2025-10-29,23:46:27,-07:00,2025-10-29T23:46:27-07:00,2,53
projects/projects.js,34,js,263015e7,Wendy Du,2025-10-29,23:46:27,-07:00,2025-10-29T23:46:27-07:00,4,50
projects/projects.js,35,js,263015e7,Wendy Du,2025-10-29,23:46:27,-07:00,2025-10-29T23:46:27-07:00,4,76
projects/projects.js,36,js,263015e7,Wendy Du,2025-10-29,23:46:27,-07:00,2025-10-29T23:46:27-07:00,2,0
projects/projects.js,37,js,263015e7,Wendy Du,2025-10-29,23:46:27,-07:00,2025-10-29T23:46:27-07:00,2,0
projects/projects.js,38,js,263015e7,Wendy Du,2025-10-29,23:46:27,-07:00,2025-10-29T23:46:27-07:00,2,34
projects/projects.js,39,js,263015e7,Wendy Du,2025-10-29,23:46:27,-07:00,2025-10-29T23:46:27-07:00,2,61
projects/projects.js,40,js,203ccded,Wendy Du,2025-10-24,17:23:05,-07:00,2025-10-24T17:23:05-07:00,0,0
projects/projects.js,41,js,203ccded,Wendy Du,2025-10-24,17:23:05,-07:00,2025-10-24T17:23:05-07:00,0,0
projects/projects.js,42,js,263015e7,Wendy Du,2025-10-29,23:46:27,-07:00,2025-10-29T23:46:27-07:00,0,32
projects/projects.js,43,js,263015e7,Wendy Du,2025-10-29,23:46:27,-07:00,2025-10-29T23:46:27-07:00,0,37
projects/projects.js,44,js,263015e7,Wendy Du,2025-10-29,23:46:27,-07:00,2025-10-29T23:46:27-07:00,2,32
projects/projects.js,45,js,263015e7,Wendy Du,2025-10-29,23:46:27,-07:00,2025-10-29T23:46:27-07:00,2,26
projects/projects.js,46,js,263015e7,Wendy Du,2025-10-29,23:46:27,-07:00,2025-10-29T23:46:27-07:00,2,29
projects/projects.js,47,js,263015e7,Wendy Du,2025-10-29,23:46:27,-07:00,2025-10-29T23:46:27-07:00,2,0
projects/projects.js,48,js,263015e7,Wendy Du,2025-10-29,23:46:27,-07:00,2025-10-29T23:46:27-07:00,2,30
projects/projects.js,49,js,263015e7,Wendy Du,2025-10-29,23:46:27,-07:00,2025-10-29T23:46:27-07:00,4,46
projects/projects.js,50,js,263015e7,Wendy Du,2025-10-29,23:46:27,-07:00,2025-10-29T23:46:27-07:00,2,0
projects/projects.js,51,js,263015e7,Wendy Du,2025-10-29,23:46:27,-07:00,2025-10-29T23:46:27-07:00,2,0
projects/projects.js,52,js,263015e7,Wendy Du,2025-10-29,23:46:27,-07:00,2025-10-29T23:46:27-07:00,2,30
projects/projects.js,53,js,263015e7,Wendy Du,2025-10-29,23:46:27,-07:00,2025-10-29T23:46:27-07:00,2,96
projects/projects.js,54,js,263015e7,Wendy Du,2025-10-29,23:46:27,-07:00,2025-10-29T23:46:27-07:00,2,78
projects/projects.js,55,js,263015e7,Wendy Du,2025-10-29,23:46:27,-07:00,2025-10-29T23:46:27-07:00,2,0
projects/projects.js,56,js,263015e7,Wendy Du,2025-10-29,23:46:27,-07:00,2025-10-29T23:46:27-07:00,2,9
projects/projects.js,57,js,263015e7,Wendy Du,2025-10-29,23:46:27,-07:00,2025-10-29T23:46:27-07:00,2,59
projects/projects.js,58,js,263015e7,Wendy Du,2025-10-29,23:46:27,-07:00,2025-10-29T23:46:27-07:00,2,61
projects/projects.js,59,js,263015e7,Wendy Du,2025-10-29,23:46:27,-07:00,2025-10-29T23:46:27-07:00,2,35
projects/projects.js,60,js,263015e7,Wendy Du,2025-10-29,23:46:27,-07:00,2025-10-29T23:46:27-07:00,2,49
projects/projects.js,61,js,263015e7,Wendy Du,2025-10-29,23:46:27,-07:00,2025-10-29T23:46:27-07:00,2,0
projects/projects.js,62,js,263015e7,Wendy Du,2025-10-29,23:46:27,-07:00,2025-10-29T23:46:27-07:00,2,12
projects/projects.js,63,js,263015e7,Wendy Du,2025-10-29,23:46:27,-07:00,2025-10-29T23:46:27-07:00,2,19
projects/projects.js,64,js,263015e7,Wendy Du,2025-10-29,23:46:27,-07:00,2025-10-29T23:46:27-07:00,4,12
projects/projects.js,65,js,263015e7,Wendy Du,2025-10-29,23:46:27,-07:00,2025-10-29T23:46:27-07:00,4,11
projects/projects.js,66,js,263015e7,Wendy Du,2025-10-29,23:46:27,-07:00,2025-10-29T23:46:27-07:00,4,22
projects/projects.js,67,js,263015e7,Wendy Du,2025-10-29,23:46:27,-07:00,2025-10-29T23:46:27-07:00,4,32
projects/projects.js,68,js,263015e7,Wendy Du,2025-10-29,23:46:27,-07:00,2025-10-29T23:46:27-07:00,4,63
projects/projects.js,69,js,263015e7,Wendy Du,2025-10-29,23:46:27,-07:00,2025-10-29T23:46:27-07:00,4,26
projects/projects.js,70,js,263015e7,Wendy Du,2025-10-29,23:46:27,-07:00,2025-10-29T23:46:27-07:00,6,27
projects/projects.js,71,js,263015e7,Wendy Du,2025-10-29,23:46:27,-07:00,2025-10-29T23:46:27-07:00,6,43
projects/projects.js,72,js,263015e7,Wendy Du,2025-10-29,23:46:27,-07:00,2025-10-29T23:46:27-07:00,6,22
projects/projects.js,73,js,263015e7,Wendy Du,2025-10-29,23:46:27,-07:00,2025-10-29T23:46:27-07:00,4,1
projects/projects.js,74,js,263015e7,Wendy Du,2025-10-29,23:46:27,-07:00,2025-10-29T23:46:27-07:00,0,0
projects/projects.js,75,js,263015e7,Wendy Du,2025-10-29,23:46:27,-07:00,2025-10-29T23:46:27-07:00,2,12
projects/projects.js,76,js,263015e7,Wendy Du,2025-10-29,23:46:27,-07:00,2025-10-29T23:46:27-07:00,2,20
projects/projects.js,77,js,263015e7,Wendy Du,2025-10-29,23:46:27,-07:00,2025-10-29T23:46:27-07:00,4,9
projects/projects.js,78,js,263015e7,Wendy Du,2025-10-29,23:46:27,-07:00,2025-10-29T23:46:27-07:00,4,9
projects/projects.js,79,js,263015e7,Wendy Du,2025-10-29,23:46:27,-07:00,2025-10-29T23:46:27-07:00,4,47
projects/projects.js,80,js,263015e7,Wendy Du,2025-10-29,23:46:27,-07:00,2025-10-29T23:46:27-07:00,4,84
projects/projects.js,81,js,263015e7,Wendy Du,2025-10-29,23:46:27,-07:00,2025-10-29T23:46:27-07:00,4,78
projects/projects.js,82,js,263015e7,Wendy Du,2025-10-29,23:46:27,-07:00,2025-10-29T23:46:27-07:00,4,26
projects/projects.js,83,js,263015e7,Wendy Du,2025-10-29,23:46:27,-07:00,2025-10-29T23:46:27-07:00,6,24
projects/projects.js,84,js,263015e7,Wendy Du,2025-10-29,23:46:27,-07:00,2025-10-29T23:46:27-07:00,6,43
projects/projects.js,85,js,263015e7,Wendy Du,2025-10-29,23:46:27,-07:00,2025-10-29T23:46:27-07:00,6,22
projects/projects.js,86,js,263015e7,Wendy Du,2025-10-29,23:46:27,-07:00,2025-10-29T23:46:27-07:00,4,1
projects/projects.js,87,js,263015e7,Wendy Du,2025-10-29,23:46:27,-07:00,2025-10-29T23:46:27-07:00,0,0
projects/projects.js,88,js,263015e7,Wendy Du,2025-10-29,23:46:27,-07:00,2025-10-29T23:46:27-07:00,0,0
projects/projects.js,89,js,263015e7,Wendy Du,2025-10-29,23:46:27,-07:00,2025-10-29T23:46:27-07:00,0,19
projects/projects.js,90,js,263015e7,Wendy Du,2025-10-29,23:46:27,-07:00,2025-10-29T23:46:27-07:00,0,46
projects/projects.js,91,js,263015e7,Wendy Du,2025-10-29,23:46:27,-07:00,2025-10-29T23:46:27-07:00,2,25
projects/projects.js,92,js,263015e7,Wendy Du,2025-10-29,23:46:27,-07:00,2025-10-29T23:46:27-07:00,2,67
projects/projects.js,93,js,263015e7,Wendy Du,2025-10-29,23:46:27,-07:00,2025-10-29T23:46:27-07:00,2,22
projects/projects.js,94,js,263015e7,Wendy Du,2025-10-29,23:46:27,-07:00,2025-10-29T23:46:27-07:00,0,1
projects/projects.js,95,js,263015e7,Wendy Du,2025-10-29,23:46:27,-07:00,2025-10-29T23:46:27-07:00,0,0
projects/projects.js,96,js,263015e7,Wendy Du,2025-10-29,23:46:27,-07:00,2025-10-29T23:46:27-07:00,0,18
projects/projects.js,97,js,263015e7,Wendy Du,2025-10-29,23:46:27,-07:00,2025-10-29T23:46:27-07:00,0,22
projects/index.html,1,html,03aae9e,Wendy Du,2025-10-03,13:57:32,-07:00,2025-10-03T13:57:32-07:00,0,13
projects/index.html,2,html,03aae9e,Wendy Du,2025-10-03,13:57:32,-07:00,2025-10-03T13:57:32-07:00,0,14
projects/index.html,3,html,03aae9e,Wendy Du,2025-10-03,13:57:32,-07:00,2025-10-03T13:57:32-07:00,0,4
projects/index.html,4,html,03aae9e,Wendy Du,2025-10-03,13:57:32,-07:00,2025-10-03T13:57:32-07:00,2,20
projects/index.html,5,html,03aae9e,Wendy Du,2025-10-03,13:57:32,-07:00,2025-10-03T13:57:32-07:00,2,68
projects/index.html,6,html,03aae9e,Wendy Du,2025-10-03,13:57:32,-07:00,2025-10-03T13:57:32-07:00,2,31
projects/index.html,7,html,03aae9e,Wendy Du,2025-10-03,13:57:32,-07:00,2025-10-03T13:57:32-07:00,2,41
projects/index.html,8,html,03aae9e,Wendy Du,2025-10-03,13:57:32,-07:00,2025-10-03T13:57:32-07:00,0,5
projects/index.html,9,html,03aae9e,Wendy Du,2025-10-03,13:57:32,-07:00,2025-10-03T13:57:32-07:00,0,4
projects/index.html,10,html,03aae9e,Wendy Du,2025-10-03,13:57:32,-07:00,2025-10-03T13:57:32-07:00,2,4
projects/index.html,11,html,203ccded,Wendy Du,2025-10-24,17:23:05,-07:00,2025-10-24T17:23:05-07:00,4,41
projects/index.html,12,html,263015e7,Wendy Du,2025-10-29,23:46:27,-07:00,2025-10-29T23:46:27-07:00,0,0
projects/index.html,13,html,263015e7,Wendy Du,2025-10-29,23:46:27,-07:00,2025-10-29T23:46:27-07:00,4,27
projects/index.html,14,html,263015e7,Wendy Du,2025-10-29,23:46:27,-07:00,2025-10-29T23:46:27-07:00,6,58
projects/index.html,15,html,263015e7,Wendy Du,2025-10-29,23:46:27,-07:00,2025-10-29T23:46:27-07:00,6,22
projects/index.html,16,html,263015e7,Wendy Du,2025-10-29,23:46:27,-07:00,2025-10-29T23:46:27-07:00,4,4
projects/index.html,17,html,263015e7,Wendy Du,2025-10-29,23:46:27,-07:00,2025-10-29T23:46:27-07:00,4,0
projects/index.html,18,html,263015e7,Wendy Du,2025-10-29,23:46:27,-07:00,2025-10-29T23:46:27-07:00,4,4
projects/index.html,19,html,263015e7,Wendy Du,2025-10-29,23:46:27,-07:00,2025-10-29T23:46:27-07:00,6,16
projects/index.html,20,html,263015e7,Wendy Du,2025-10-29,23:46:27,-07:00,2025-10-29T23:46:27-07:00,6,11
projects/index.html,21,html,263015e7,Wendy Du,2025-10-29,23:46:27,-07:00,2025-10-29T23:46:27-07:00,6,26
projects/index.html,22,html,263015e7,Wendy Du,2025-10-29,23:46:27,-07:00,2025-10-29T23:46:27-07:00,6,31
projects/index.html,23,html,263015e7,Wendy Du,2025-10-29,23:46:27,-07:00,2025-10-29T23:46:27-07:00,4,0
projects/index.html,24,html,263015e7,Wendy Du,2025-10-29,23:46:27,-07:00,2025-10-29T23:46:27-07:00,0,0
projects/index.html,25,html,203ccded,Wendy Du,2025-10-24,17:23:05,-07:00,2025-10-24T17:23:05-07:00,4,20
projects/index.html,26,html,203ccded,Wendy Du,2025-10-24,17:23:05,-07:00,2025-10-24T17:23:05-07:00,6,47
projects/index.html,27,html,203ccded,Wendy Du,2025-10-24,17:23:05,-07:00,2025-10-24T17:23:05-07:00,4,4
projects/index.html,28,html,03aae9e,Wendy Du,2025-10-03,13:57:32,-07:00,2025-10-03T13:57:32-07:00,2,5
projects/index.html,29,html,203ccded,Wendy Du,2025-10-24,17:23:05,-07:00,2025-10-24T17:23:05-07:00,2,48
projects/index.html,30,html,203ccded,Wendy Du,2025-10-24,17:23:05,-07:00,2025-10-24T17:23:05-07:00,2,47
projects/index.html,31,html,03aae9e,Wendy Du,2025-10-03,13:57:32,-07:00,2025-10-03T13:57:32-07:00,0,5
projects/index.html,32,html,03aae9e,Wendy Du,2025-10-03,13:57:32,-07:00,2025-10-03T13:57:32-07:00,0,5
contact/index.html,1,html,03aae9e,Wendy Du,2025-10-03,13:57:32,-07:00,2025-10-03T13:57:32-07:00,0,13
contact/index.html,2,html,03aae9e,Wendy Du,2025-10-03,13:57:32,-07:00,2025-10-03T13:57:32-07:00,0,14
contact/index.html,3,html,03aae9e,Wendy Du,2025-10-03,13:57:32,-07:00,2025-10-03T13:57:32-07:00,0,4
contact/index.html,4,html,03aae9e,Wendy Du,2025-10-03,13:57:32,-07:00,2025-10-03T13:57:32-07:00,2,20
contact/index.html,5,html,03aae9e,Wendy Du,2025-10-03,13:57:32,-07:00,2025-10-03T13:57:32-07:00,2,68
contact/index.html,6,html,03aae9e,Wendy Du,2025-10-03,13:57:32,-07:00,2025-10-03T13:57:32-07:00,2,30
contact/index.html,7,html,03aae9e,Wendy Du,2025-10-03,13:57:32,-07:00,2025-10-03T13:57:32-07:00,2,41
contact/index.html,8,html,a4812c11,Wendy Du,2025-10-15,16:30:42,-07:00,2025-10-15T16:30:42-07:00,2,48
contact/index.html,9,html,03aae9e,Wendy Du,2025-10-03,13:57:32,-07:00,2025-10-03T13:57:32-07:00,0,5
contact/index.html,10,html,03aae9e,Wendy Du,2025-10-03,13:57:32,-07:00,2025-10-03T13:57:32-07:00,0,4
contact/index.html,11,html,03aae9e,Wendy Du,2025-10-03,13:57:32,-07:00,2025-10-03T13:57:32-07:00,2,4
contact/index.html,12,html,03aae9e,Wendy Du,2025-10-03,13:57:32,-07:00,2025-10-03T13:57:32-07:00,4,17
contact/index.html,13,html,03aae9e,Wendy Du,2025-10-03,13:57:32,-07:00,2025-10-03T13:57:32-07:00,4,110
contact/index.html,14,html,03aae9e,Wendy Du,2025-10-03,13:57:32,-07:00,2025-10-03T13:57:32-07:00,0,0
contact/index.html,15,html,a4812c11,Wendy Du,2025-10-15,16:30:42,-07:00,2025-10-15T16:30:42-07:00,4,54
contact/index.html,16,html,03aae9e,Wendy Du,2025-10-03,13:57:32,-07:00,2025-10-03T13:57:32-07:00,6,5
contact/index.html,17,html,03aae9e,Wendy Du,2025-10-03,13:57:32,-07:00,2025-10-03T13:57:32-07:00,8,6
contact/index.html,18,html,03aae9e,Wendy Du,2025-10-03,13:57:32,-07:00,2025-10-03T13:57:32-07:00,8,56
contact/index.html,19,html,03aae9e,Wendy Du,2025-10-03,13:57:32,-07:00,2025-10-03T13:57:32-07:00,6,6
contact/index.html,20,html,03aae9e,Wendy Du,2025-10-03,13:57:32,-07:00,2025-10-03T13:57:32-07:00,6,5
contact/index.html,21,html,03aae9e,Wendy Du,2025-10-03,13:57:32,-07:00,2025-10-03T13:57:32-07:00,8,6
contact/index.html,22,html,03aae9e,Wendy Du,2025-10-03,13:57:32,-07:00,2025-10-03T13:57:32-07:00,8,43
contact/index.html,23,html,03aae9e,Wendy Du,2025-10-03,13:57:32,-07:00,2025-10-03T13:57:32-07:00,6,6
contact/index.html,24,html,03aae9e,Wendy Du,2025-10-03,13:57:32,-07:00,2025-10-03T13:57:32-07:00,6,39
contact/index.html,25,html,03aae9e,Wendy Du,2025-10-03,13:57:32,-07:00,2025-10-03T13:57:32-07:00,4,5
contact/index.html,26,html,03aae9e,Wendy Du,2025-10-03,13:57:32,-07:00,2025-10-03T13:57:32-07:00,2,5
contact/index.html,27,html,03aae9e,Wendy Du,2025-10-03,13:57:32,-07:00,2025-10-03T13:57:32-07:00,0,5
contact/index.html,28,html,03aae9e,Wendy Du,2025-10-03,13:57:32,-07:00,2025-10-03T13:57:32-07:00,0,5
